Tanggal,Inflasi_MoM,IHK,BI_Rate,USD_IDR,Inflasi_Umum_MoM,Inflasi_Inti_MoM,Inflasi_HargaDiatur_MoM,Inflasi_Bergejolak_MoM,Harga_Minyak_USD,Brent_USD,DXY,FedRate_Pct,Gold_USD,CPO_USD,GPR_Index,FAO_FPI,CMO_PalmOil_USD,CMO_Coal_AU_USD,CMO_Coal_SA_USD,CMO_Coffee_Robusta_USD,CMO_Coffee_Arabica_USD,CMO_Wheat_SRW_USD,CMO_Wheat_HRW_USD,CMO_Soybeans_USD,CMO_SoybeanOil_USD,CMO_Sugar_USD,CMO_Rubber_TSR20_USD,CMO_Rubber_RSS3_USD,CMO_Cotton_USD,CMO_Rice_Thailand_USD,CMO_CoconutOil_USD,CMO_Groundnuts_USD,CMO_FishMeal_USD,CMO_Maize_USD,CMO_Tin_USD,CMO_Nickel_USD,CMO_Copper_USD,CMO_Aluminum_USD,CMO_IronOre_USD,CMO_NatGas_USD,CMO_NatGas_EU_USD,CMO_LNG_Japan_USD,Bulan,Tahun,Inflasi_YoY,Inflasi_YtD
2005-01-01,1.43,118.53,7.32,9720.611111111111,-0.07,0.44,-2.67,0.79,42.97,76.395,83.1119,2.28,424.15,726.6667,100.89,65.8177319736145,446.2,52.25,54.29,0.81,2.3,139.46,153.87,265.0,552.06,0.18,1.19,1.18,1.07,278.25,654.0,958.82,654.0,95.39,8553.81,13768.81,3145.45,1849.18,37.9,6.58,5.01,5.57,1,2005,,0.0
2005-02-01,-0.17,118.33,7.15,9713.375,-0.07,0.44,-2.67,0.79,44.82,76.395,83.7235,2.5,424.0105,726.6667,108.98,66.23941712122453,418.86,53.05,51.42,0.81,2.36,142.47,153.59,261.5,519.98,0.19,1.19,1.18,1.13,287.0,646.0,945.5,711.45,96.25,7735.75,14505.0,3170.0,1834.43,65.0,6.15,5.46,5.42,2,2005,,-0.16873365392727818
2005-03-01,1.91,120.59,8.81,9675.5,-0.07,0.44,-2.67,0.79,50.94,76.395,82.8364,2.63,434.8952,726.6667,90.41,67.50594388825047,422.63,49.9,46.63,0.91,2.66,141.62,151.17,261.0,495.73,0.2,1.22,1.26,1.16,290.0,646.0,912.0,714.58,94.14,8088.75,15349.5,3253.7,1882.85,65.0,6.14,5.49,5.58,3,2005,,1.7379566354509424
2005-04-01,0.34,121.0,8.12,9674.25,-0.07,0.44,-2.67,0.79,50.64,76.395,84.2671,2.79,429.635,726.6667,87.03,65.96669903969146,458.13,50.93,45.3,1.09,2.98,152.16,150.99,290.0,543.69,0.2,1.22,1.32,1.24,292.75,710.0,907.39,691.63,99.88,8407.39,16190.65,3379.49,1979.85,65.0,6.97,5.52,5.59,4,2005,,2.0838606260018553
2005-05-01,0.21,121.25,7.4,9779.625,-0.07,0.44,-2.67,0.79,47.83,76.395,85.6281,3.0,422.2952,726.6667,98.21,66.54767814775897,457.86,51.25,46.25,1.12,2.86,132.14,140.88,283.0,545.88,0.19,1.21,1.31,1.26,297.25,679.0,900.0,680.16,96.28,8143.81,16141.91,3394.48,1894.29,65.0,7.15,5.86,5.67,5,2005,,2.29477769341095
2005-06-01,0.5,121.86,7.42,9750.125,-0.07,0.44,-2.67,0.79,53.89,76.395,88.4423,3.04,431.4238,726.6667,81.12,67.38304692978906,450.0,51.31,45.88,1.24,2.83,133.13,143.33,283.0,537.98,0.19,1.21,1.36,1.23,293.8,647.0,888.57,670.77,95.42,8125.0,16931.5,3249.1,1743.7,65.0,6.47,5.89,5.74,6,2005,,2.8094153378891407
2005-07-01,0.78,122.81,7.84,9705.55,-0.07,0.44,-2.67,0.79,56.37,76.395,89.6967,3.26,423.97,726.6667,165.9,67.66906438965067,451.7,51.0,49.13,1.32,2.67,131.06,141.93,306.0,560.15,0.2,1.27,1.46,1.19,285.0,638.75,870.0,672.86,97.1,7618.86,16159.55,3524.07,1731.3,65.0,7.19,5.91,5.68,7,2005,,3.610900194043703
2005-08-01,0.55,123.48,8.33,9733.333333333334,-0.07,0.44,-2.67,0.79,61.89,76.395,87.9409,3.5,437.8304,726.6667,116.23,67.63660945206585,454.52,50.9,51.31,1.28,2.42,130.85,143.87,298.0,561.26,0.21,1.45,1.69,1.21,276.75,606.0,848.57,665.55,107.52,7169.29,14580.71,3614.21,1778.79,65.0,7.63,6.42,6.03,8,2005,,4.176157934700078
2005-09-01,0.69,124.33,9.06,9666.9375,-0.07,0.44,-2.67,0.79,61.69,76.395,88.08,3.62,457.3048,726.6667,103.81,68.63512237975604,448.48,49.13,49.5,1.15,2.39,131.77,149.36,274.0,550.08,0.22,1.44,1.6,1.19,282.8,550.0,816.36,650.95,101.67,7188.86,14892.73,3797.75,1867.84,65.0,9.63,6.56,6.2,9,2005,,4.8932759638909955
2005-10-01,8.7,135.15,17.89,9604.875,-0.07,0.44,-2.67,0.79,58.19,76.395,89.7219,3.78,469.9952,726.6667,87.06,69.54318230968269,453.64,45.25,46.63,1.03,2.19,128.24,159.71,263.0,545.16,0.23,1.59,1.7,1.21,285.25,559.0,806.36,651.99,96.35,6783.86,14228.18,3857.84,1839.91,65.0,12.88,6.58,6.39,10,2005,,14.021766641356622
2005-11-01,1.31,136.92,18.38,9609.055555555555,-0.07,0.44,-2.67,0.79,55.04,76.395,91.4919,4.0,475.56,726.6667,83.48,69.04000314184032,467.5,42.46,43.25,1.05,2.32,135.26,167.83,257.0,578.62,0.25,1.63,1.7,1.28,286.4,587.0,862.38,656.17,101.94,6422.86,12402.86,4059.76,1928.71,65.0,13.52,7.28,6.48,11,2005,,15.515059478612997
2005-12-01,-0.04,136.86,17.11,9711.5625,-0.07,0.44,-2.67,0.79,56.43,76.395,90.9162,4.16,509.5524,726.6667,95.35,69.77709866672278,466.7,38.06,38.08,1.13,2.38,132.35,161.12,255.75,558.93,0.25,1.58,1.6,1.25,277.75,582.0,850.0,670.77,95.37,6160.0,12115.68,4269.34,2050.59,65.0,10.43,7.46,6.61,12,2005,,15.464439382434836
2006-01-01,1.36,138.72,17.03,9133.375,-0.07,0.44,-2.67,0.79,62.46,76.395,89.031,4.29,550.97,726.6667,94.51,69.80112611182506,456.75,38.23,41.0,1.24,2.33,137.59,164.44,264.0,537.66,0.29,1.63,1.68,1.25,280.5,553.0,883.53,682.25,102.14,6713.5,13429.25,4576.78,2247.45,65.0,12.83,7.49,6.49,1,2006,17.03366236395849,0.0
2006-02-01,0.58,139.53,17.92,9224.625,-0.07,0.44,-2.67,0.79,59.7,76.395,90.3526,4.49,555.2105,726.6667,95.86,70.80718522511454,459.05,43.19,44.66,1.4,2.74,144.16,167.16,257.0,535.83,0.35,1.76,1.88,1.29,291.25,569.0,853.33,655.12,102.65,7051.43,14555.24,4734.33,2377.86,67.2,8.66,7.96,6.53,2,2006,17.915997633736165,0.5839100346020778
2006-03-01,0.03,139.57,15.74,9168.611111111111,-0.07,0.44,-2.67,0.79,60.93,76.395,89.967,4.59,558.1,726.6667,92.8,69.78477113408601,473.9,47.7,49.4,1.39,2.63,149.25,179.84,257.0,533.27,0.4,1.93,2.06,1.32,301.5,591.0,848.0,668.42,107.13,7826.25,14978.75,4982.4,2455.33,65.2,7.49,7.95,7.04,3,2006,15.73928186416783,0.6127450980392116
2006-04-01,0.05,139.64,15.4,9123.3125,-0.07,0.44,-2.67,0.79,67.97,76.395,88.4095,4.79,612.0632,726.6667,89.02,70.10160507240967,472.52,49.75,54.5,1.31,2.51,142.66,174.44,257.0,540.6,0.38,1.91,2.07,1.27,303.5,575.0,808.26,681.2,105.25,7939.57,14897.39,5102.85,2429.13,66.7,6.9,7.99,6.88,4,2006,15.40495867768594,0.663206459054201
2006-05-01,0.37,140.16,15.6,9151.625,-0.07,0.44,-2.67,0.79,68.68,76.395,84.8573,4.94,673.6409,726.6667,85.21,71.32836310002254,475.9,52.88,54.88,1.33,2.54,140.82,180.35,258.0,540.44,0.39,1.94,2.14,1.24,302.25,578.0,753.0,683.03,107.72,8853.06,17942.22,6387.78,2621.11,67.3,7.09,8.24,6.93,5,2006,15.59587628865979,1.0380622837370226
2006-06-01,0.45,140.79,15.53,9204.4,-0.07,0.44,-2.67,0.79,68.29,76.395,85.7659,4.99,595.5182,726.6667,102.57,71.39458097519727,483.72,52.6,50.4,1.32,2.41,150.92,193.17,266.0,588.29,0.37,2.15,2.45,1.2,308.0,583.0,780.0,722.93,110.65,8837.38,21077.14,8045.86,2861.48,67.3,6.2,8.28,6.92,6,2006,15.534219596257994,1.4922145328719674
2006-07-01,0.45,141.42,15.15,9143.611111111111,-0.07,0.44,-2.67,0.79,72.45,76.395,85.893,5.24,634.3947,726.6667,137.13,73.17238569154549,478.16,52.38,52.38,1.33,2.27,140.14,195.16,267.0,600.55,0.34,2.35,2.7,1.22,312.5,575.0,795.91,733.36,109.4,7896.36,20754.55,7197.61,2477.34,69.3,6.19,8.29,7.1,7,2006,15.1534891295497,1.9463667820069122
2006-08-01,0.33,141.88,14.9,9147.4375,-0.07,0.44,-2.67,0.79,71.81,76.395,85.0452,5.25,630.0652,726.6667,147.08,73.06272062248945,499.21,52.75,51.68,1.42,2.31,143.85,202.43,271.75,630.01,0.35,2.31,2.48,1.22,315.4,583.25,851.43,759.44,113.99,8418.57,26586.19,7712.1,2512.71,70.5,6.25,8.58,6.86,8,2006,14.901198574667953,2.277970011534023
2006-09-01,0.38,142.42,14.55,9197.3125,-0.07,0.44,-2.67,0.79,62.12,76.395,85.6045,5.25,598.3667,726.6667,111.72,73.18589980103584,534.26,50.94,53.59,1.62,2.46,148.36,189.91,262.0,632.18,0.3,2.14,2.18,1.32,312.67,606.0,880.0,777.18,116.59,8502.05,30743.64,7695.66,2459.93,69.8,7.0,8.71,7.23,9,2006,14.549987935333379,2.6672433679354013
2006-10-01,0.86,143.65,6.29,9122.388888888889,-0.07,0.44,-2.67,0.79,57.91,76.395,86.3427,5.25,585.8136,726.6667,113.14,75.12702769544278,511.24,47.1,48.75,1.7,2.42,166.89,195.98,258.0,602.35,0.27,1.81,1.81,1.3,309.2,609.0,913.48,802.21,121.75,9039.29,30130.71,7602.36,2472.88,70.0,4.86,8.77,7.65,10,2006,6.289308176100629,3.5539215686274557
2006-11-01,0.34,144.14,5.27,9090.0,-0.07,0.44,-2.67,0.79,58.14,76.395,84.8445,5.25,626.96,726.6667,88.78,77.65624075166323,514.18,44.05,49.21,1.66,2.44,197.77,212.09,273.0,614.71,0.26,1.79,1.82,1.26,301.0,626.0,937.39,859.59,142.17,9768.18,32702.96,7500.39,2654.59,71.7,5.96,8.97,7.2,11,2006,5.273152205667542,3.9071510957324014
2006-12-01,1.21,145.89,6.6,9135.125,-0.07,0.44,-2.67,0.79,60.99,76.395,83.3555,5.24,628.045,726.6667,90.61,78.8018722459415,571.57,46.0,48.2,1.69,2.7,192.94,209.68,300.0,675.67,0.26,1.62,1.62,1.27,296.25,656.0,1044.52,848.83,164.54,10079.09,32113.86,7029.18,2702.8,73.5,7.45,8.99,7.21,12,2006,6.59798334064005,5.1686851211072575
2007-01-01,1.04,147.41,6.26,9078.125,-0.07,0.44,-2.67,0.79,53.52,76.395,84.7805,5.25,630.3905,726.6667,97.92,78.48310271648208,625.88,49.75,50.69,1.69,2.83,189.85,204.31,297.0,698.12,0.26,1.65,1.73,1.31,305.0,731.67,1037.83,872.91,160.38,11158.68,34570.26,6675.11,2813.63,73.5,6.58,8.92,7.35,1,2007,6.264417531718568,0.0
2007-02-01,0.62,148.32,6.3,9108.055555555555,-0.07,0.44,-2.67,0.79,57.56,76.395,84.4063,5.26,666.079,726.6667,96.17,80.04314376373223,637.59,51.29,50.14,1.74,2.75,175.98,196.07,306.0,697.33,0.24,1.94,2.08,1.3,313.0,731.0,1050.0,908.36,164.77,11361.82,36811.14,5669.66,2809.34,78.2,6.58,8.59,7.11,2,2007,6.299720490217152,0.6173258259276824
2007-03-01,0.24,148.67,6.52,9151.5625,-0.07,0.44,-2.67,0.79,60.6,76.395,83.4841,5.26,653.6409,726.6667,87.34,81.11242078451266,645.2,52.9,51.64,1.74,2.69,176.46,199.98,325.0,715.04,0.23,2.12,2.28,1.28,315.0,763.0,1050.0,916.75,177.35,12933.25,41184.25,5676.45,2832.2,82.66,7.97,8.56,6.89,3,2007,6.52002579350863,0.854758835899865
2007-04-01,-0.16,148.43,6.29,9085.8125,-0.07,0.44,-2.67,0.79,65.06,76.395,82.15,5.25,679.92,726.6667,76.61,83.86721105807557,660.93,55.38,53.48,1.7,2.58,168.54,199.1,322.0,719.03,0.23,2.05,2.23,1.29,318.67,769.0,1050.0,936.76,170.51,13892.96,46324.77,6452.48,2761.73,88.55,7.12,8.37,6.86,4,2007,6.2947579490117604,0.6919476290618074
2007-05-01,0.1,148.58,6.01,9115.5,-0.07,0.44,-2.67,0.79,65.16,76.395,82.11,5.25,667.5864,726.6667,92.6,86.47173131395098,743.45,56.12,51.36,1.75,2.53,175.27,198.31,319.75,753.7,0.21,2.17,2.32,1.26,316.5,827.5,1050.0,978.16,152.75,14052.9,50266.84,7766.47,2814.79,91.26,7.59,8.0,7.09,5,2007,6.007420091324212,0.7937046333356055
2007-06-01,0.23,148.92,5.77,9155.722222222223,-0.07,0.44,-2.67,0.79,68.19,76.395,82.4662,5.25,654.8048,726.6667,97.97,91.38305704007934,816.09,56.0,50.25,1.85,2.5,180.78,195.72,334.0,788.7,0.21,2.22,2.37,1.22,317.6,894.0,1080.56,1200.17,160.23,14140.0,52179.05,7681.42,2792.75,102.02,7.61,7.98,7.22,6,2007,5.774557852120176,1.0243538430228551
2007-07-01,0.72,149.99,6.06,9138.1875,-0.07,0.44,-2.67,0.79,73.6,76.395,80.7786,5.26,665.7857,726.6667,112.35,95.5415692416268,833.19,61.6,56.78,2.04,2.63,205.03,223.04,361.0,835.55,0.2,2.11,2.23,1.34,323.25,979.0,1107.18,1354.38,165.25,14099.76,41718.57,7474.38,2676.93,103.21,7.3,8.03,7.11,7,2007,6.059963230094769,1.7502204735092686
2007-08-01,0.75,151.11,6.51,9095.4375,-0.07,0.44,-2.67,0.79,70.13,71.2587,80.9348,5.02,665.0565,726.6667,83.17,99.11064600454125,854.52,67.31,58.06,2.04,2.59,225.61,238.41,375.5,887.12,0.22,2.04,2.08,1.5,328.8,929.0,1186.06,1382.65,146.84,14737.84,33425.68,7972.57,2732.44,106.09,6.22,8.13,7.26,8,2007,6.5054976036086964,2.5100061054202683
2007-09-01,0.8,152.32,6.95,9080.666666666666,-0.07,0.44,-2.67,0.79,76.76,77.1353,79.3021,4.94,715.3684,726.6667,94.49,105.31050859193547,830.65,69.35,60.18,1.93,2.72,253.9,259.73,385.0,921.79,0.22,2.07,2.11,1.47,327.5,910.0,1303.38,1360.33,151.17,15174.32,27652.27,7513.5,2515.77,121.89,6.2,8.34,7.7,9,2007,6.951270888920099,3.330845939895527
2007-10-01,0.79,153.53,6.88,9130.25,-0.07,0.44,-2.67,0.79,81.97,82.457,77.8478,4.76,756.0304,726.6667,101.47,107.8620331959691,851.63,68.44,62.81,2.05,2.82,322.98,326.54,426.0,977.48,0.22,2.11,2.16,1.5,325.0,930.0,1417.25,1220.96,159.44,15023.0,29537.5,7648.98,2391.25,148.65,6.1,8.54,8.09,10,2007,6.8778280542986385,4.151685774370806
2007-11-01,0.18,153.81,6.71,9119.1875,-0.07,0.44,-2.67,0.79,91.34,92.061,75.669,4.49,805.6,726.6667,89.8,110.75835435010842,926.2,74.81,73.12,2.01,2.96,325.55,335.15,450.0,1007.69,0.22,2.26,2.33,1.52,329.2,1010.0,1395.07,1215.12,164.16,16071.3,31055.44,8008.44,2442.37,168.11,6.8,9.16,8.55,11,2007,6.708755376717092,4.3416321823485555
2007-12-01,1.1,155.5,6.59,9143.4,-0.07,0.44,-2.67,0.79,89.52,91.394,76.764,4.24,807.96,726.6667,94.97,114.65922974792855,998.57,84.6,89.75,2.04,2.89,307.65,321.81,489.0,1141.52,0.22,2.37,2.48,1.54,342.0,1131.0,1605.07,1241.4,171.25,16691.82,30610.23,6966.71,2506.89,195.09,7.14,9.47,9.14,12,2007,6.58715470560012,5.488094430499968
2008-01-01,1.77,158.26,7.36,9573.222222222223,-0.07,0.44,-2.67,0.79,90.69,92.1124,75.9043,3.94,891.3571,726.6667,81.5,120.40116381937398,1002.22,91.0,94.25,2.01,3.03,345.31,368.62,503.99,1187.73,0.24,2.41,2.48,1.53,360.67,1153.0,1676.06,1282.84,180.25,16263.06,25991.94,6587.67,2381.69,190.12,7.15,9.49,9.18,1,2008,7.360423309137776,0.0
2008-02-01,0.65,159.29,7.4,9629.6875,-0.07,0.44,-2.67,0.79,93.39,94.6525,75.6705,2.98,925.11,726.6667,80.75,128.38378539794326,1122.15,91.75,100.62,2.19,3.08,343.81,370.66,528.5,1280.2,0.26,2.53,2.62,1.61,375.6,1285.0,1750.0,1229.94,206.66,16337.27,27689.55,7061.02,2445.52,193.37,8.0,10.7,9.94,2,2008,7.396170442286946,0.6508277518008347
2008-03-01,0.95,160.81,8.17,9755.444444444445,-0.07,0.44,-2.67,0.79,101.84,102.799,72.4535,2.61,962.93,726.6667,77.64,132.35867893364141,1268.63,132.0,115.0,2.55,3.47,388.75,425.0,574.01,1414.17,0.3,2.72,2.79,1.65,464.75,1382.0,1721.43,1255.48,220.07,17210.0,27955.48,7887.69,2776.93,186.12,8.55,10.84,10.46,3,2008,8.165736194255745,1.611272589409839
2008-04-01,0.57,161.73,8.96,9652.05,-0.07,0.44,-2.67,0.79,108.76,110.4418,72.1168,2.28,909.6636,726.6667,71.9,130.66207894819286,1377.22,118.25,111.0,2.69,3.3,419.61,439.72,558.86,1488.74,0.29,2.7,2.79,1.77,594.0,1471.0,1700.0,1271.44,234.36,19803.95,31225.26,8439.29,3005.29,197.12,9.4,11.04,10.96,4,2008,8.960452738664678,2.1925944648047513
2008-05-01,1.41,164.01,10.38,9727.8125,-0.07,0.44,-2.67,0.79,122.63,124.381,72.9124,1.98,888.2048,726.6667,72.57,130.30230024083983,1320.11,123.0,108.75,2.45,3.1,323.43,362.23,549.11,1422.23,0.28,2.7,2.84,1.66,907.0,1443.0,1700.0,1288.71,246.44,21658.64,28763.18,8684.93,2959.27,195.95,10.13,12.19,11.42,5,2008,10.384977789742884,3.6332617212182483
2008-06-01,2.46,110.08,11.03,9480.285714285714,-0.07,0.44,-2.67,0.79,131.52,133.7848,73.1795,2.0,889.8952,726.6667,87.55,132.7260693363295,1326.45,133.2,120.7,2.4,3.13,255.1,328.76,566.12,1437.87,0.27,2.96,3.05,1.63,901.8,1502.0,1700.0,1265.54,243.46,24062.25,25735.0,8382.75,2902.9,192.95,11.23,12.38,11.63,6,2008,-26.08111737845823,-30.44357386579047
2008-07-01,1.37,111.59,11.9,9437.388888888889,-0.07,0.44,-2.67,0.79,132.83,134.0995,72.5373,2.01,939.9318,726.6667,89.74,130.2073303521054,1293.21,159.75,142.38,2.45,3.22,254.74,348.55,634.85,1535.16,0.27,3.17,3.22,1.7,757.0,1551.0,1700.0,1233.45,287.11,22229.29,22549.05,8260.6,2957.86,183.93,12.68,12.63,12.07,7,2008,-25.601706780452034,-29.489447744218367
2008-08-01,0.51,112.16,11.85,9564.111111111111,-0.07,0.44,-2.67,0.79,114.57,115.2857,76.0614,2.0,835.8333,726.6667,88.55,121.20936181396463,1213.48,180.0,167.75,2.54,3.25,245.45,328.18,637.25,1506.98,0.31,3.2,3.2,1.7,731.75,1436.0,1700.0,1148.55,265.34,23139.35,20160.22,8414.04,3071.24,180.5,11.15,14.37,12.35,8,2008,-25.77592482297665,-29.129280930114998
2008-09-01,0.97,113.25,12.14,9526.3125,-0.07,0.44,-2.67,0.79,99.66,100.4629,78.2643,1.81,828.9619,726.6667,88.54,112.78634641548891,963.57,158.4,156.9,2.48,3.23,255.37,329.34,557.28,1329.64,0.32,2.91,2.93,1.72,693.5,1193.0,1620.0,1104.21,235.03,20026.25,18927.75,7634.7,2764.38,178.74,8.25,14.64,13.25,9,2008,-25.649947478991592,-28.44054088209275
2008-10-01,0.45,113.76,11.77,9697.222222222223,-0.07,0.44,-2.67,0.79,72.69,74.0191,83.1117,0.97,801.9913,726.6667,64.16,97.78807979261839,826.02,150.0,147.75,2.32,3.16,223.77,295.55,525.48,1201.02,0.3,2.81,2.83,1.62,683.8,1110.0,1616.36,1122.61,233.85,18368.86,17794.55,6990.86,2525.82,139.64,7.69,14.85,14.39,10,2008,-25.903732169608546,-28.11828636421079
2008-11-01,0.12,113.9,11.68,9629.25,-0.07,0.44,-2.67,0.79,53.97,54.9889,86.4321,0.39,754.8895,726.6667,79.08,89.72736955347888,635.75,108.0,109.7,1.96,2.72,185.92,237.38,399.87,942.53,0.26,1.86,1.92,1.37,609.25,856.0,1489.13,1154.02,183.06,14401.74,12139.78,4925.7,2121.41,88.67,6.73,15.93,15.01,11,2008,-25.94759768545608,-28.029824339694166
2008-12-01,-0.04,113.86,11.06,9774.25,-0.07,0.44,-2.67,0.79,41.34,42.9805,83.105,0.16,822.6682,726.6667,92.37,86.30191521970283,581.25,92.25,89.38,2.0,2.69,182.98,226.85,371.76,825.64,0.27,1.62,1.65,1.21,552.0,719.0,1265.0,1187.59,163.77,13643.5,10701.5,3717.0,1852.43,64.95,6.67,15.81,15.06,12,2008,-26.778135048231512,-28.055099203841777
2009-01-01,-0.07,113.78,9.17,10330.625,-0.07,0.44,-2.67,0.79,43.86,45.8247,84.1225,0.15,861.56,726.6667,85.37,86.66916731756098,587.24,78.65,77.25,1.82,2.62,179.31,220.14,359.35,745.55,0.26,1.18,1.2,1.22,531.8,740.0,1250.0,1180.83,158.26,11240.0,9686.43,3071.98,1490.43,69.98,5.79,15.5,13.78,1,2009,-28.105648932136983,0.0
2009-02-01,0.21,114.02,8.6,10542.25,0.21,0.68,-2.2,0.98,41.84,44.5522,86.5526,0.22,942.2632,726.6667,67.45,84.48888211043203,658.55,79.4,76.4,1.82,2.83,195.11,239.11,400.92,789.89,0.28,1.41,1.49,1.27,580.0,734.0,1195.45,1192.2,172.83,11372.86,11306.91,3220.69,1413.12,72.51,5.24,13.89,12.71,2,2009,-28.41986314269571,0.21093338020741334
2009-03-01,0.22,114.27,7.92,10493.666666666666,0.22,0.46,0.04,-0.4,46.65,48.0086,86.4582,0.18,925.2955,726.6667,72.64,84.25333779799439,655.66,75.38,69.06,1.77,2.85,183.35,224.69,374.45,747.64,0.29,1.3,1.46,1.22,590.75,673.0,1110.0,1192.07,163.38,11039.25,10408.75,3314.73,1330.2,75.59,4.52,11.04,10.52,3,2009,-28.94098625707357,0.43065565125680694
2009-04-01,-0.31,113.92,7.31,10406.25,-0.31,-0.04,0.14,-1.53,50.28,51.9856,85.2514,0.15,892.6667,726.6667,85.69,87.39567198461978,660.48,61.0,58.56,1.68,2.83,183.72,230.98,372.75,730.71,0.3,1.28,1.43,1.14,588.25,625.0,1100.0,1253.7,164.56,10675.91,9696.36,3749.75,1335.84,64.07,3.95,10.9,9.48,4,2009,-29.561615037408018,0.12304447178766088
2009-05-01,0.04,113.97,6.04,10489.0,0.04,0.13,0.04,-0.27,58.15,58.5995,82.161,0.18,929.71,726.6667,89.68,93.45147130110524,799.7,63.56,62.88,1.67,2.97,182.62,233.47,387.55,809.08,0.3,1.48,1.62,1.25,549.67,747.0,1100.0,1274.23,168.5,11743.5,11166.0,4406.55,1420.85,59.78,3.5,8.51,8.12,5,2009,-30.510334735686843,0.1669889259975371
2009-06-01,0.11,114.1,3.65,10595.166666666666,0.11,0.2,0.09,-0.23,69.15,69.2709,80.0932,0.21,946.35,726.6667,81.11,93.40904442265668,872.61,64.5,58.03,1.67,3.33,202.46,261.48,425.72,889.62,0.35,1.56,1.69,1.37,533.0,842.5,1100.0,1258.71,179.91,13793.42,12634.74,4568.63,1460.45,62.69,3.81,8.09,7.5,6,2009,3.6518895348837175,0.2812445069432178
2009-07-01,0.45,114.61,2.71,10182.5,0.45,0.31,0.13,1.22,64.67,65.9005,79.4891,0.16,935.5091,726.6667,83.44,90.69194234157311,788.57,71.38,60.2,1.63,3.3,201.72,256.64,442.09,892.92,0.36,1.53,1.67,1.35,574.5,747.0,1100.0,1263.68,179.52,14985.68,14960.46,5013.96,1573.73,71.66,3.8,7.95,7.18,7,2009,2.706335693162466,0.7294779398839851
2009-08-01,0.56,115.25,2.75,10217.5,0.56,0.43,0.2,1.41,71.63,73.0571,78.4486,0.16,949.6952,726.6667,73.37,93.4807348192325,698.48,73.8,61.1,1.58,3.11,175.63,224.85,430.61,846.3,0.41,1.6,1.75,1.43,572.0,685.0,1100.0,1278.56,151.57,14038.91,15984.57,5215.54,1667.96,83.95,3.39,6.67,7.55,8,2009,2.754992867332385,1.2919669537704332
2009-09-01,1.05,116.46,2.83,10432.75,1.05,0.8,0.29,2.67,68.35,68.2675,77.0076,0.15,998.7143,726.6667,92.84,93.07955403971529,746.05,72.5,64.25,1.6,3.3,161.67,210.37,497.53,903.15,0.49,1.84,2.06,1.42,526.25,747.0,1119.05,1217.04,151.96,14869.75,19641.75,6165.3,1933.75,97.67,3.15,6.92,7.76,9,2009,2.8344370860927097,2.3554227456494927
2009-10-01,0.19,116.68,2.57,10429.388888888889,0.19,0.2,-0.01,0.35,74.08,73.909,76.0118,0.12,1044.3091,726.6667,90.58,94.82713805905587,703.85,67.64,61.13,1.63,3.27,158.37,191.09,425.01,858.18,0.51,2.07,2.17,1.41,518.75,701.0,1150.0,1161.64,150.39,14869.09,17473.18,6196.43,1834.11,80.71,2.96,7.13,8.42,10,2009,2.5668073136427583,2.5487783441729706
2009-11-01,-0.03,116.65,2.41,10352.8125,-0.03,0.18,0.11,-0.85,77.55,77.6125,75.337,0.12,1126.245,726.6667,82.1,98.87024004816824,724.66,71.07,64.35,1.62,3.41,175.63,198.85,430.08,897.0,0.5,2.26,2.35,1.47,493.0,706.0,1150.0,1079.38,167.31,15008.86,18525.23,6287.98,1878.57,86.79,4.02,7.6,9.1,11,2009,2.414398595258999,2.5224116716470424
2009-12-01,0.33,117.03,2.78,10509.0625,0.33,0.4,0.68,-0.19,74.88,75.2091,76.79,0.12,1128.9773,726.6667,92.95,100.83705157577458,763.33,78.8,66.44,1.53,3.36,204.66,211.04,447.41,932.38,0.49,2.49,2.54,1.58,542.75,729.0,1150.0,1028.92,171.64,14942.38,16991.19,6675.6,1949.29,99.26,3.69,7.81,9.13,12,2009,2.784120850166873,2.8563895236421164
2010-01-01,0.84,118.01,3.72,9130.75,0.84,0.59,0.44,1.98,77.12,77.0084,77.8405,0.11,1116.8263,726.6667,91.58,101.80646537860012,821.81,83.1,73.8,1.54,3.49,206.5,206.25,449.35,939.91,0.52,2.79,2.8,1.68,591.0,768.0,1185.69,1093.12,164.56,15546.91,17066.43,6981.71,2180.1,105.07,5.37,8.01,9.76,1,2010,3.7177008261557427,0.0
2010-02-01,-0.08,118.36,3.81,9098.333333333334,0.3,0.15,0.18,1.0,74.76,74.91,80.1558,0.13,1098.1895,726.6667,80.73,99.26168778414062,830.88,97.0,86.94,1.54,3.5,198.78,201.19,435.88,920.55,0.58,3.04,3.09,1.71,568.8,784.0,1202.54,1075.52,167.31,17714.75,18439.25,7386.25,2235.15,125.72,5.81,8.8,10.02,2,2010,3.806349763199442,0.2965850351665065
2010-03-01,-0.14,118.19,3.43,9083.0625,-0.14,0.15,0.08,-1.14,79.3,79.9313,80.6713,0.16,1114.3565,726.6667,74.12,96.5116514632672,830.0,94.19,83.36,1.5,3.48,191.8,194.0,411.86,909.19,0.56,3.08,3.13,1.76,535.0,798.0,1200.0,1034.1,161.8,16361.75,18976.0,6848.18,2048.93,127.49,5.34,8.8,10.52,3,2010,3.430471689857357,0.1525294466570567
2010-04-01,0.15,118.37,3.91,9114.5625,0.15,0.09,0.23,0.34,84.18,85.7538,81.2329,0.2,1151.4524,726.6667,88.76,97.06439758366012,862.83,94.38,82.96,1.48,3.63,189.96,191.08,409.36,911.07,0.41,3.18,3.34,1.89,502.2,921.0,1200.0,1061.33,159.05,17549.35,22461.3,7462.83,2205.63,139.69,4.29,8.93,10.42,4,2010,3.9062500000000027,0.30505889331412545
2010-05-01,0.29,118.71,4.16,9102.666666666666,0.29,0.25,0.15,0.57,75.62,76.6647,85.3615,0.2,1203.955,726.6667,88.96,96.40570515309548,862.71,100.15,88.7,1.58,3.73,187.76,192.87,402.6,902.83,0.36,3.28,3.95,1.94,466.0,940.0,1200.0,1072.37,157.08,18683.5,26030.75,7745.08,2316.73,172.47,4.01,7.52,10.98,5,2010,4.158989207686229,0.593170070333013
2010-06-01,0.97,119.86,5.05,9052.875,0.97,0.34,0.19,3.7,74.73,75.5486,86.575,0.18,1234.6636,733.3977,96.45,95.88314396393699,855.31,100.13,90.94,1.56,3.82,190.33,181.61,402.87,859.49,0.34,2.89,3.67,1.99,451.33,932.0,1200.0,1108.04,163.38,17566.05,22008.16,6837.68,2040.53,161.35,4.16,7.27,11.39,6,2010,5.048203330411924,1.5676637573086978
2010-07-01,1.57,121.74,6.22,9093.375,1.57,0.49,1.24,5.46,74.58,75.509,83.0705,0.18,1191.7476,747.8095,79.38,100.03285903354225,825.68,98.19,92.81,1.7,4.21,182.62,157.67,401.33,860.28,0.35,2.9,3.57,2.05,440.0,993.0,1200.0,1136.71,152.75,17319.77,19388.64,6499.3,1931.39,143.63,4.79,7.74,10.48,7,2010,6.22109763545938,3.1607490890602405
2010-08-01,0.76,122.67,6.44,9101.7,0.76,0.52,2.09,0.45,75.83,77.115,82.1491,0.19,1217.4455,823.4659,80.99,107.75659593152048,844.43,95.98,90.61,1.88,4.48,222.28,195.82,427.53,910.82,0.38,2.93,3.27,1.86,441.8,1031.0,1200.0,1139.59,163.76,18191.36,19517.5,6735.25,1988.27,126.36,4.63,8.04,11.32,8,2010,6.438177874186553,3.948817896788405
2010-09-01,0.44,123.21,5.8,9083.333333333334,0.44,0.59,0.18,0.28,76.12,78.491,81.0833,0.19,1273.0381,856.619,71.17,114.12332208127283,943.73,89.78,87.9,1.82,4.66,261.61,246.25,449.84,997.62,0.41,3.14,3.32,1.99,452.75,1170.0,1231.82,1155.87,175.58,20754.76,21413.33,7283.95,2118.14,145.34,4.31,8.45,11.3,9,2010,5.795981452859351,4.4064062367595875
2010-10-01,0.06,123.29,5.67,9087.3125,0.06,0.36,0.08,-0.97,81.72,83.5362,77.46,0.19,1343.219,935.131,65.99,120.05349508329077,948.88,94.9,85.82,1.79,4.91,276.31,271.67,468.26,1035.26,0.5,3.36,3.53,2.31,476.5,1275.0,1250.0,1182.14,205.89,22701.14,22643.41,7709.3,2162.34,140.63,3.9,8.28,11.03,10,2010,5.665066849502913,4.474197101940514
2010-11-01,0.6,124.03,6.33,9100.0625,0.6,0.3,0.23,1.69,84.53,86.1624,78.3757,0.19,1370.1857,1043.6429,94.71,124.22501885668204,1025.83,97.45,90.99,1.88,4.8,267.49,270.23,495.79,1146.75,0.54,3.85,3.92,2.79,486.0,1412.0,1280.95,1197.99,235.81,26342.62,23807.38,8292.41,2346.57,148.48,3.43,8.29,11.13,11,2010,6.326618088298325,5.101262604863991
2010-12-01,0.92,125.17,6.96,9077.111111111111,0.92,0.38,0.18,3.29,90.01,92.1859,80.0491,0.18,1393.9546,1164.4659,97.2,129.3641506936116,1131.36,107.16,103.2,2.03,5.15,278.52,274.08,514.15,1231.69,0.58,4.24,4.31,3.41,514.5,1512.0,1350.0,1202.67,238.18,25519.09,22909.32,8469.89,2333.07,156.1,3.73,8.59,10.84,12,2010,6.955481500469965,6.067282433692057
2011-01-01,0.89,126.29,7.02,8723.555555555555,0.89,0.49,0.26,2.42,92.69,96.7863,79.146,0.17,1361.68,1218.7875,79.42,133.78751723781582,1234.64,118.29,115.24,2.07,5.47,308.65,306.52,545.75,1324.72,0.62,4.69,4.75,3.7,532.0,1715.0,1372.58,1301.18,250.38,26163.33,24111.19,9147.26,2350.67,163.1,4.24,8.74,10.75,1,2011,7.016354546224897,0.0
2011-02-01,0.13,126.46,6.84,8733.9375,0.13,0.31,0.32,-0.48,97.91,103.9421,77.7826,0.16,1373.8053,1247.3026,90.01,137.67608085264317,1303.57,132.48,122.62,2.23,5.82,320.4,326.56,567.62,1365.73,0.65,5.33,5.52,3.94,516.8,2038.0,1426.76,1324.83,264.95,27465.25,25646.25,9555.7,2439.53,179.18,4.49,9.61,11.45,2,2011,6.8435282189928985,0.13461081637499997
2011-03-01,-0.32,126.05,6.65,8778.375,-0.32,0.25,0.21,-2.28,108.65,114.6495,76.2896,0.14,1422.6174,1131.8261,136.89,134.3222763088464,1327.21,128.36,117.74,2.41,6.35,338.78,348.12,566.05,1359.86,0.65,5.58,6.26,4.7,524.0,2256.0,1426.76,1282.27,292.9,31526.0,28252.25,9867.6,2508.18,187.18,4.07,9.36,12.02,3,2011,6.65030882477367,-0.19003879958825648
2011-04-01,-0.31,125.66,6.16,8762.111111111111,-0.31,0.25,0.17,-2.31,116.24,123.0505,74.7245,0.1,1481.865,1109.1375,91.02,136.3345453731237,1241.74,126.13,121.0,2.6,6.44,303.14,316.75,552.75,1306.53,0.58,4.84,5.42,5.06,492.75,1925.0,1486.35,1317.74,290.54,30590.93,26710.35,9503.36,2555.5,169.36,3.97,9.37,12.5,4,2011,6.158655064627855,-0.49885184891916196
2011-05-01,0.12,125.81,5.98,8718.75,0.12,0.27,0.2,-0.44,108.07,114.5143,74.9414,0.09,1511.0143,1097.7619,105.34,135.1168350884412,1219.61,122.5,124.03,2.59,6.62,314.89,336.12,556.58,1310.45,0.54,4.97,5.85,4.78,484.25,2089.0,1598.33,1476.94,319.27,32363.31,26408.33,9492.79,2678.11,179.33,4.24,10.36,12.99,5,2011,5.98096200825542,-0.38007759917650163
2011-06-01,0.55,126.5,5.54,8721.125,0.55,0.33,0.32,1.42,105.85,113.9018,74.6936,0.09,1527.9955,1065.0909,84.39,134.7502553915953,1230.12,119.12,120.46,2.69,6.42,308.65,355.28,556.8,1296.03,0.48,4.52,5.12,3.65,481.4,2097.0,1710.3,1435.17,307.86,28676.45,24236.73,8959.9,2596.45,177.05,4.31,10.3,13.61,6,2011,5.539796429167362,0.16628394963971316
2011-07-01,0.67,127.35,4.61,8793.75,0.67,0.42,0.21,2.05,107.92,117.1182,74.757,0.07,1577.125,1032.15,78.92,132.97702406957563,1192.38,120.09,119.01,2.6,6.06,282.19,326.43,556.22,1319.38,0.56,4.52,4.93,3.18,513.75,1803.0,1736.49,1376.84,310.61,25519.68,22420.93,9066.85,2557.76,170.88,4.55,10.26,14.52,7,2011,4.60818137013307,0.839338031514758
2011-08-01,0.93,128.54,4.79,8709.333333333334,0.93,1.09,0.29,1.0,100.49,109.9148,74.2365,0.1,1758.4913,1013.5974,86.95,132.72231002654598,1183.45,120.75,116.27,2.49,5.91,266.39,303.88,556.5,1337.36,0.62,4.56,4.73,2.69,538.25,1662.0,1867.42,1351.62,300.77,27398.1,23847.95,9650.46,2525.43,172.98,4.41,10.99,16.22,8,2011,4.785196054455034,1.7816137461398256
2011-09-01,0.27,128.89,4.61,8730.125,0.27,0.39,0.32,-0.2,100.82,110.1945,76.9905,0.08,1762.1857,977.0357,83.35,130.14069727233985,1205.48,120.13,118.27,2.47,5.96,277.62,327.07,552.96,1328.39,0.61,4.62,4.68,2.52,566.0,1454.0,2054.35,1283.85,310.22,24042.43,21845.09,9000.76,2379.35,177.5,4.05,10.81,16.55,9,2011,4.610015420826226,2.058753662206018
2011-10-01,-0.12,128.74,4.42,8778.0625,-0.12,-0.12,0.16,-0.37,99.85,109.0895,77.1543,0.07,1669.9143,913.25,76.34,125.60926569420734,1137.25,123.09,115.62,2.34,6.06,267.49,315.92,531.95,1307.85,0.59,4.52,4.55,2.58,598.75,1305.0,2131.1,1657.72,295.26,22526.6,20377.59,8300.14,2293.46,177.23,3.9,10.85,16.27,10,2011,4.420472057750023,1.93997941246338
2011-11-01,0.34,129.18,4.15,8764.0,0.34,0.31,0.15,0.72,105.41,110.8226,77.8914,0.08,1742.5905,979.5119,83.16,125.93965636451237,1044.75,119.39,110.88,2.16,5.46,253.53,289.01,491.42,1223.1,0.56,4.08,4.06,2.44,599.4,1208.0,2167.22,1684.88,274.79,21868.64,19039.05,7394.19,2180.65,150.43,3.57,11.42,16.48,11,2011,4.152221236797553,2.2883838783751687
2011-12-01,0.57,129.91,3.79,8742.8125,0.57,0.28,0.14,1.92,104.23,107.7229,79.6114,0.07,1641.9667,967.9881,85.34,121.93472715022699,1113.38,113.78,105.47,2.14,5.4,253.16,281.01,478.35,1213.96,0.53,3.33,3.37,2.31,615.25,1479.0,2472.44,1597.19,274.39,21291.7,17873.0,7581.02,2079.98,135.54,3.24,11.32,16.78,12,2011,3.7868498841575415,2.8664185604560855
2012-01-01,0.76,130.9,3.65,9326.42857142857,0.76,0.44,0.43,2.02,107.07,111.465,80.268,0.08,1660.195,1018.475,79.63,122.23386636552343,1121.5,111.56,104.19,2.17,5.22,244.71,269.03,483.03,1203.28,0.51,3.35,3.38,2.1,585.75,1445.0,2528.43,1515.66,258.65,19375.01,18266.76,7565.48,2022.25,136.39,3.16,11.53,16.48,1,2012,3.6503286087576208,0.0
2012-02-01,0.05,130.96,3.56,9277.277777777777,0.05,0.33,0.24,-0.94,112.69,119.0105,78.9315,0.1,1743.835,1035.1591,92.45,125.34093310931512,1123.5,116.46,106.26,2.13,5.23,253.9,274.89,503.18,1216.28,0.52,3.5,3.63,2.23,542.0,1451.0,2528.43,1616.04,272.84,21438.63,19854.77,8040.47,2144.2,140.26,2.68,11.45,16.71,2,2012,3.558437450577269,0.045836516424753455
2012-03-01,0.07,131.05,3.97,9325.722222222223,0.07,0.2,0.24,-0.41,117.79,124.5445,79.5368,0.13,1675.6591,1099.3864,88.76,125.65312730014259,1146.25,117.02,105.3,2.25,4.94,263.08,277.77,522.96,1249.12,0.53,3.78,4.0,2.22,537.5,1411.0,2528.43,1760.57,279.46,24293.31,20393.67,8441.49,2207.92,140.4,2.52,11.12,16.03,3,2012,3.9666798889329744,0.11459129106188365
2012-04-01,0.21,131.32,4.5,9372.3125,0.21,0.23,0.32,0.07,113.67,120.4865,79.4015,0.14,1650.585,1149.4625,96.02,124.39802286823017,1195.34,107.46,103.43,2.28,4.44,259.78,283.88,547.46,1285.38,0.53,3.78,3.93,2.19,548.0,1338.0,2528.43,1766.55,280.69,22985.43,18660.81,8470.78,2184.16,144.66,2.17,11.97,16.34,4,2012,4.504217730383572,0.32085561497325243
2012-05-01,0.07,131.41,4.45,9391.444444444445,0.07,0.18,0.09,-0.25,104.09,110.4332,80.9255,0.16,1588.2818,1037.9545,78.17,119.00980250156353,1233.61,103.59,101.33,2.24,4.22,254.63,266.32,583.83,1308.89,0.5,3.66,3.84,2.2,547.75,1348.0,2528.43,1734.07,274.0,22200.62,17939.79,8289.48,2049.67,147.64,1.95,11.42,16.85,5,2012,4.451156505842138,0.38961038961038263
2012-06-01,0.62,132.23,4.53,9332.95,0.62,0.34,0.26,1.73,90.73,95.9271,82.2205,0.16,1600.6905,938.3333,77.82,115.78456889826302,1125.0,95.83,93.77,2.36,4.07,251.33,264.36,577.48,1220.55,0.46,3.38,3.73,1.95,600.5,1155.0,2400.0,1607.08,269.28,20405.24,17068.19,7955.64,2007.63,136.61,2.44,11.64,17.12,6,2012,4.529644268774695,1.016042780748651
2012-07-01,0.7,133.16,4.56,9360.0,0.7,0.54,0.03,1.82,96.75,102.8643,83.0676,0.16,1592.519,971.1786,82.81,121.9518897233841,1027.74,87.19,85.31,2.33,3.72,249.49,276.19,578.01,1181.93,0.45,2.86,3.2,1.81,600.0,1058.0,2400.0,1558.48,267.31,19271.07,16549.14,7423.02,1890.18,134.66,2.46,11.49,17.2,7,2012,4.562230074597568,1.7265087853323078
2012-08-01,0.95,134.43,4.58,9326.642857142857,0.95,0.97,0.35,1.46,105.27,112.6783,82.16,0.13,1629.9174,932.8804,74.88,123.1758398564848,1052.84,88.24,87.33,2.36,4.2,322.98,345.69,670.19,1239.49,0.5,2.89,3.08,1.85,573.75,1070.0,2400.0,1502.97,333.05,18546.09,16128.41,7584.26,1876.25,127.94,2.95,11.13,18.11,8,2012,4.582231212074074,2.696715049656227
2012-09-01,0.01,134.45,4.31,9300.111111111111,0.01,0.34,0.28,-1.17,106.28,112.6147,79.8142,0.14,1748.8053,923.8289,69.28,125.1267573146247,1022.38,91.0,89.11,2.35,3.85,333.73,349.4,684.02,1250.27,0.46,2.6,2.79,1.86,567.75,1001.0,2400.0,1431.13,331.99,18772.62,15735.21,7515.53,1845.38,107.5,2.84,11.18,17.74,9,2012,4.313755915897279,2.7119938884644634
2012-10-01,0.16,134.67,4.61,9352.944444444445,0.16,0.33,0.23,-0.41,103.41,111.6211,79.7081,0.16,1747.7286,810.5714,81.66,124.0125149830049,1001.38,88.96,85.82,2.31,3.95,343.55,353.42,677.32,1280.95,0.44,2.76,3.04,1.86,563.25,967.0,2400.0,1354.36,320.85,20771.26,17287.96,8087.74,2064.12,99.47,2.84,11.08,16.83,10,2012,4.606183004505187,2.8800611153552187
2012-11-01,0.07,134.76,4.32,9389.6875,0.07,0.14,0.05,-0.11,101.17,109.462,80.6852,0.16,1721.319,785.1905,81.39,123.52651792469683,886.0,81.85,82.8,2.3,3.82,340.25,358.2,625.76,1177.95,0.45,2.95,3.2,1.81,558.25,898.0,2400.0,1359.81,321.24,21233.7,17168.74,8062.03,1974.3,113.95,3.32,11.58,15.3,11,2012,4.319554110543415,2.948815889992349
2012-12-01,0.54,135.49,4.3,9413.944444444445,0.54,0.28,0.1,1.82,101.19,109.3028,79.7585,0.16,1684.38,763.3,74.83,122.78883846622188,863.18,85.89,85.74,2.15,3.53,346.49,360.82,584.59,1137.78,0.43,2.8,2.97,1.78,559.25,848.0,2400.0,1339.11,321.64,20713.07,16335.36,7711.23,1948.83,120.35,3.54,11.83,15.0,12,2012,4.2952813486259815,3.506493506493509
2013-01-01,1.03,136.88,4.57,10170.277777777777,1.03,0.36,0.2,3.76,105.1,112.2681,79.8733,0.14,1670.4476,803.1786,90.66,123.42768471554382,843.55,92.88,88.84,2.13,3.37,325.18,347.96,591.29,1158.64,0.43,2.9,3.11,1.84,557.8,785.0,2400.0,1303.09,308.65,22880.89,17448.5,7966.49,2086.76,128.51,3.34,11.79,15.41,1,2013,4.568372803666914,0.0
2013-02-01,0.75,137.91,5.31,10452.4375,0.75,0.3,0.72,2.32,107.64,116.0826,80.6053,0.15,1627.4684,810.4868,81.59,123.32851454699413,884.52,92.77,86.13,2.2,3.47,309.01,335.47,595.3,1192.35,0.42,3.04,3.3,1.89,564.2,828.64,2400.0,1926.47,303.13,24545.9,17472.5,8047.36,2037.75,150.49,3.33,11.87,15.89,2,2013,5.30696395846059,0.7524839275277624
2013-03-01,0.63,138.78,5.9,10419.875,0.63,0.13,0.24,2.44,102.52,109.5205,82.6255,0.14,1591.505,782.4875,75.9,122.94487055199927,919.58,94.94,85.13,2.29,3.3,297.99,318.94,610.73,1173.48,0.4,3.04,3.19,1.98,563.0,853.25,1635.0,1901.12,302.74,24211.74,17690.1,8060.93,2053.6,154.64,3.33,11.77,16.47,3,2013,5.898512018313613,1.3880771478667489
2013-04-01,-0.1,138.64,5.57,10451.3,-0.1,0.14,0.14,-0.96,98.85,103.5668,82.525,0.15,1484.6273,764.0682,95.11,122.88753578387046,891.5,90.98,82.77,2.34,3.3,285.87,309.75,584.7,1117.43,0.41,2.8,2.98,2.08,559.0,818.75,1500.0,1801.47,309.04,23296.52,16724.93,7645.58,1909.57,139.87,3.81,11.87,16.27,4,2013,5.574169966494055,1.285797779076557
2013-05-01,-0.03,138.6,5.47,10397.5,-0.03,0.06,0.96,-1.1,99.37,103.2155,83.2136,0.11,1416.6182,769.9659,83.72,122.1549476880995,874.17,87.76,82.02,2.24,3.3,278.15,308.28,563.88,1094.52,0.39,2.5,2.87,2.03,557.0,791.43,1500.0,1850.72,279.91,21662.25,15672.95,7234.28,1861.67,137.39,4.17,12.88,16.2,5,2013,5.471425310098164,1.256575102279368
2013-06-01,1.03,140.03,5.9,10469.3125,1.03,0.32,3.24,1.18,99.74,103.1426,81.8505,0.09,1342.135,770.0,82.97,120.91196544163931,879.47,87.71,81.79,2.19,3.24,279.25,319.67,498.01,1073.2,0.39,2.51,3.04,2.04,543.5,822.5,1500.0,1823.4,295.54,20775.83,14947.96,7249.41,1832.02,124.01,4.04,12.29,16.22,6,2013,5.89881267488468,2.3012857977790806
2013-07-01,3.29,144.63,8.61,10224.0,3.29,0.99,7.9,6.07,105.26,107.4919,82.7895,0.09,1285.8046,717.3295,73.98,117.96972214610234,876.88,82.75,77.29,2.0,3.05,268.23,313.42,524.66,1037.75,0.38,2.33,2.81,2.05,524.25,890.63,1500.0,1785.85,298.41,20267.4,14280.28,7000.24,1814.54,114.82,3.83,11.92,16.61,7,2013,8.613697807149293,5.661893629456459
2013-08-01,1.12,146.25,8.79,10185.111111111111,1.12,1.01,0.62,1.82,108.16,110.5119,81.4818,0.08,1352.6682,706.4205,90.96,116.17588314168206,827.09,77.26,72.64,2.1,3.05,260.88,304.61,511.3,990.31,0.37,2.24,2.56,2.04,509.0,860.43,1433.48,1719.92,279.51,19563.83,13750.32,6906.64,1769.61,127.19,3.62,11.6,16.17,8,2013,8.79268020531131,6.845412039742844
2013-09-01,-0.35,145.74,8.4,10502.1875,-0.35,0.57,0.34,-3.38,108.76,111.32,81.1595,0.08,1345.985,721.475,100.46,116.38128254171943,819.29,76.96,72.91,2.07,2.98,252.43,305.34,511.71,994.65,0.38,2.38,2.57,2.04,478.75,892.61,1343.1,1714.4,238.74,21644.43,14314.93,7192.92,1817.62,137.06,3.43,11.64,15.6,9,2013,8.397173670509499,6.4728229105786195
2013-10-01,0.09,145.87,8.32,10446.4375,0.09,0.34,0.25,-0.8,105.43,109.5023,79.8665,0.09,1316.8348,757.8696,72.95,118.70401176576055,826.25,77.61,73.1,1.94,2.92,259.8,307.51,560.18,1019.72,0.38,2.42,2.64,1.99,444.0,985.24,1325.0,1668.63,207.41,22735.07,13801.39,7159.27,1761.3,134.19,3.62,11.25,14.96,10,2013,8.316625826093427,6.567796610169499
2013-11-01,0.12,146.04,8.37,10471.0,0.12,0.2,0.63,-0.57,102.63,107.7211,80.844,0.08,1275.105,810.7625,77.78,118.61190605081752,859.66,79.41,80.65,1.85,2.84,287.72,325.69,540.85,990.96,0.41,2.32,2.53,1.97,439.0,985.65,1335.87,1650.81,201.73,23101.59,14117.65,7203.02,1814.58,132.57,3.67,11.37,15.3,11,2013,8.370436331255567,6.691992986557567
2013-12-01,0.55,146.84,8.38,10462.5,0.55,0.45,0.52,0.79,105.48,110.854,80.3067,0.09,1225.0095,806.9881,70.37,118.22852915704286,904.05,82.25,83.82,1.76,2.69,274.43,306.75,551.32,989.83,0.39,2.3,2.49,1.87,438.0,1274.5,1357.14,1614.74,199.13,22826.88,13684.01,7070.65,1747.96,136.32,3.62,11.42,15.4,12,2013,8.377001992766989,7.276446522501468
2014-01-01,1.07,110.99,8.22,11851.875,1.07,0.56,1.0,2.89,102.1,107.1995,80.8095,0.07,1244.0619,774.6071,77.92,116.23174970169875,886.25,84.34,84.62,1.94,2.78,267.05,291.56,564.03,990.52,0.36,2.31,2.56,1.93,451.0,1270.0,1342.0,1552.25,197.39,22762.13,13924.55,7214.9,1739.81,135.79,4.24,11.55,16.38,1,2014,-18.91437755698422,0.0
2014-02-01,0.26,111.28,7.75,11852.1875,0.26,0.37,0.01,0.32,104.83,108.7061,80.4574,0.07,1300.9842,806.5789,69.0,118.61846202712553,862.63,81.61,82.9,1.93,2.93,246.55,275.58,565.5,942.1,0.34,2.14,2.34,2.01,450.0,1269.09,1298.64,1536.47,198.06,22063.86,14101.25,7291.47,1727.41,128.12,4.7,11.59,16.67,2,2014,-19.309694728446086,0.26128480043247704
2014-03-01,0.08,111.37,7.32,11936.95,0.08,0.21,0.31,-0.55,104.04,107.8576,79.8705,0.08,1336.4286,845.0357,119.84,122.14211671533634,904.34,76.29,77.6,2.11,3.83,258.67,292.11,490.73,970.96,0.37,1.9,2.17,2.07,459.0,1364.0,1250.0,1557.26,209.32,22820.67,14203.55,7149.21,1695.17,121.37,5.97,11.3,16.76,3,2014,-19.75068453667675,0.3423731867735919
2014-04-01,-0.02,111.35,7.25,11868.166666666666,-0.02,0.24,0.28,-1.26,104.87,108.0519,79.8533,0.09,1298.4238,809.75,93.22,121.46415205334749,953.81,73.34,74.6,2.32,4.72,286.92,323.71,530.81,996.67,0.39,1.93,2.29,2.14,422.0,1389.05,1235.71,1651.2,222.33,23024.31,15678.1,6650.04,1705.37,111.83,4.88,10.88,16.55,4,2014,-19.684073860357756,0.32435354536444677
2014-05-01,0.16,111.53,7.32,11879.6875,0.16,0.23,0.3,-0.22,105.71,109.2195,79.949,0.09,1287.5381,788.8333,83.43,121.19669824137301,926.63,72.82,75.06,2.33,4.93,277.09,324.81,516.18,1001.69,0.39,1.78,2.15,2.08,395.0,1356.13,1197.0,1629.2,222.36,23405.2,17373.6,6673.56,1810.67,114.58,4.63,10.73,16.79,5,2014,-19.531024531024528,0.4865303180466765
2014-06-01,0.43,112.01,6.7,11911.1875,0.43,0.25,0.45,1.06,108.37,111.9805,80.4424,0.1,1282.1619,755.2619,98.77,119.24371503876539,898.42,73.69,75.78,2.27,4.72,277.21,334.73,519.42,961.81,0.4,1.69,2.02,2.04,388.0,1413.25,1180.0,1632.73,217.3,23271.25,19401.08,6891.13,1751.05,100.56,4.56,10.2,16.32,6,2014,-20.009997857601938,0.9190017118659431
2014-07-01,0.93,113.05,4.53,11843.0,0.93,0.52,1.32,2.0,105.23,107.9859,80.5477,0.09,1310.6364,730.2727,138.75,116.25426293653972,861.88,71.48,74.09,2.18,4.36,236.65,306.44,511.14,925.82,0.4,1.71,2.04,2.0,397.0,1393.25,1180.0,1720.67,202.39,22762.0,18628.81,6821.14,1838.95,92.74,4.57,9.77,16.13,7,2014,-21.835027311069624,1.856023065141006
2014-08-01,0.47,113.58,3.99,11850.5,0.47,0.46,0.63,0.33,100.05,103.3205,81.8638,0.09,1295.0571,666.9405,136.45,112.78604152496163,853.69,68.75,71.44,2.24,4.34,218.31,280.35,471.74,897.43,0.4,1.7,2.0,1.85,422.0,1255.22,1181.74,1734.13,182.73,22424.01,19117.65,7113.38,1948.3,96.05,4.01,9.27,15.21,8,2014,-22.33846153846154,2.33354356248311
2014-09-01,0.27,113.89,4.53,11836.25,0.27,0.29,0.54,-0.22,95.85,98.2538,84.459,0.09,1235.1286,651.0119,131.56,109.21106324317253,778.69,68.94,71.19,2.21,4.7,220.36,263.45,458.57,861.77,0.38,1.67,1.86,1.63,445.0,1187.62,1200.0,1729.32,176.42,22231.05,18600.2,7001.84,2030.49,92.61,3.88,9.14,15.74,9,2014,-21.853986551392897,2.6128480043247193
2014-10-01,0.47,114.42,4.83,11895.9,0.47,0.27,1.34,0.24,86.08,87.9791,85.6704,0.09,1222.9304,667.5652,83.66,109.33727670791446,760.75,65.94,67.86,2.22,4.64,202.83,243.61,430.17,839.82,0.35,1.53,1.67,1.62,432.0,1193.41,1213.64,1678.85,163.06,21090.52,18034.8,6872.22,1990.43,82.38,3.92,9.24,15.16,10,2014,-21.56029341194214,3.090368501666823
2014-11-01,1.5,116.14,6.23,11821.777777777777,1.5,0.4,4.2,2.37,76.99,79.9121,87.7284,0.09,1176.1789,670.25,84.38,108.1385690831083,764.4,63.71,65.74,2.31,4.97,220.14,245.45,425.81,833.03,0.37,1.51,1.63,1.55,428.0,1148.7,1338.7,1696.44,163.12,19830.41,15812.37,6737.48,1946.19,81.06,3.77,9.77,15.89,11,2014,-20.473842782799228,4.640057662852515
2014-12-01,2.46,119.0,8.36,11872.8125,2.46,1.02,6.1,3.53,60.7,63.2036,89.1568,0.12,1200.1682,627.0341,86.53,105.17369795791987,764.75,62.55,65.66,2.27,4.62,236.03,258.68,449.9,825.98,0.36,1.54,1.64,1.49,418.0,1191.63,1397.0,1806.34,178.74,20033.47,15807.05,6712.85,2055.55,73.73,4.1,8.9,15.59,12,2014,-18.959411604467448,7.216866384358957
2015-01-01,-0.24,118.71,6.96,13436.0625,-0.24,0.61,-3.51,0.55,47.11,49.68,92.977,0.11,1252.925,635.075,111.99,100.96111856901737,719.64,62.44,66.14,2.2,4.34,261.78,269.7,448.32,814.55,0.34,1.47,1.61,1.51,418.0,1212.14,1427.38,1795.13,178.73,19829.71,15962.05,6446.45,1909.46,68.39,3.43,9.83,15.62,1,2015,6.955581583926479,0.0
2015-02-01,-0.36,118.28,6.29,13399.75,-0.36,0.34,-1.24,-1.69,54.79,58.4405,94.4579,0.11,1224.9105,631.1447,111.92,98.71159167102945,719.64,61.44,59.29,2.16,4.19,231.47,248.39,433.21,796.58,0.34,1.42,1.66,1.48,420.0,1145.71,1392.86,1712.65,174.71,19454.12,14849.19,5830.54,1814.72,68.23,2.97,9.25,16.19,2,2015,6.290438533429188,-0.3622272765563075
2015-03-01,0.17,118.48,6.38,13358.888888888889,0.17,0.29,0.83,-0.83,52.83,56.935,97.8782,0.11,1177.7682,606.8409,104.24,95.71714879048169,723.04,69.05,63.48,2.17,3.94,219.85,237.0,423.55,762.61,0.32,1.43,1.82,1.54,420.0,1160.5,1350.0,1677.34,173.7,18233.91,14573.84,5729.27,1817.82,62.75,2.85,8.27,14.2,3,2015,6.384124988776151,-0.19374947350685687
2015-04-01,0.36,118.91,6.79,13363.375,0.36,0.24,1.88,-0.91,57.54,60.9652,97.5919,0.12,1199.8286,590.9524,102.19,94.59117637503756,698.86,64.76,59.92,2.03,3.54,218.8,230.75,409.79,749.93,0.29,1.43,1.74,1.53,410.0,1090.68,1350.0,1570.53,174.23,17421.91,13755.5,5939.67,1773.86,58.05,2.8,8.27,13.04,4,2015,6.789402784014372,0.16847780304945062
2015-05-01,0.5,119.5,7.15,13268.375,0.5,0.23,0.38,1.52,62.51,65.601,95.192,0.12,1198.215,603.5,76.26,95.04528920544632,682.75,56.24,58.95,2.03,3.62,209.7,223.4,394.73,747.74,0.29,1.41,1.7,1.58,399.0,1077.5,1339.5,1569.57,172.05,15900.88,12830.92,6042.09,1819.19,52.28,2.58,6.77,10.94,5,2015,7.146059356227023,0.6654873220453259
2015-06-01,0.54,120.14,7.26,13215.777777777777,0.54,0.26,0.26,1.74,61.31,63.7041,95.17,0.13,1180.7818,610.0341,85.91,94.57184511458405,697.35,61.19,61.63,1.93,3.49,200.77,215.32,388.2,785.13,0.29,1.55,1.84,1.61,381.0,1131.94,1270.0,1619.84,166.29,15803.59,13511.34,6294.78,1804.04,60.3,2.84,6.68,9.34,6,2015,7.258280510668685,1.2046162918035608
2015-07-01,0.93,121.26,7.26,13456.3125,0.93,0.34,1.67,2.13,54.34,56.6218,96.9623,0.13,1128.1136,575.0227,106.81,93.77001809995838,705.91,58.96,60.71,1.99,3.52,204.99,209.81,391.48,788.21,0.27,1.58,1.82,1.6,376.0,1123.64,1250.0,1547.16,166.72,15064.94,12825.23,5833.01,1687.73,62.63,2.77,6.67,9.19,7,2015,7.262273330384793,2.148091988880475
2015-08-01,0.39,121.73,7.18,13438.375,0.39,0.52,-0.45,0.95,45.69,48.2195,96.3781,0.14,1118.7333,493.9524,82.48,89.51407272541337,680.0,59.9,57.9,1.92,3.41,207.38,197.31,405.87,752.32,0.28,1.45,1.64,1.6,392.0,1103.04,1269.13,1440.43,179.6,15071.53,11413.1,5456.75,1639.5,52.39,2.83,6.69,9.5,8,2015,7.175559077302347,2.544014826046677
2015-09-01,-0.05,121.67,6.83,13308.7,-0.05,0.44,-0.4,-1.25,46.28,48.4333,95.7581,0.14,1123.8238,504.3214,98.77,88.88774888896701,601.38,59.14,55.02,1.89,3.46,187.87,179.68,378.78,728.33,0.25,1.31,1.45,1.58,373.0,1032.38,1233.5,1466.01,162.59,15163.77,10386.0,5127.3,1548.13,56.19,2.76,6.35,9.82,9,2015,6.8311528668013,2.493471485131841
2015-10-01,-0.08,121.57,6.25,13414.555555555555,-0.08,0.23,0.03,-1.22,46.96,49.2141,95.7141,0.12,1159.8591,545.7045,91.93,90.25827727458106,599.5,57.65,51.38,1.8,3.22,193.97,172.7,367.49,720.4,0.26,1.24,1.35,1.52,357.0,1051.59,1280.0,1471.88,165.62,15453.34,9937.55,5217.25,1589.6,56.95,2.65,6.28,10.31,10,2015,6.248907533647956,2.4092325836071096
2015-11-01,0.21,121.82,4.89,13482.625,0.21,0.16,0.2,0.35,43.11,45.907,99.033,0.12,1084.005,538.6875,150.72,87.73350446922166,636.67,54.26,50.11,1.82,3.38,206.34,172.71,375.95,743.3,0.31,1.24,1.33,1.52,373.0,1104.09,1280.0,1520.37,171.39,15794.61,10316.83,5216.09,1516.49,53.12,2.32,6.03,10.11,11,2015,4.890649216462883,2.6198298374189197
2015-12-01,0.96,122.99,3.35,13236.9375,0.96,0.23,0.86,3.53,36.57,38.9095,98.3341,0.24,1069.9455,555.3125,148.24,87.00395903375735,608.21,52.47,53.34,1.8,3.26,203.41,177.1,368.0,727.34,0.32,1.16,1.24,1.53,368.0,1071.07,1307.83,1517.92,166.16,14745.29,9244.33,4799.9,1467.89,46.86,2.08,5.5,9.52,12,2015,3.3529411764705843,3.6054249852581934
2016-01-01,0.51,123.62,4.14,13366.05,0.51,0.29,-0.55,2.4,29.78,32.2121,99.023,0.34,1097.6421,555.3125,118.21,84.93427699683282,607.38,52.21,48.77,1.75,3.28,191.98,189.23,368.42,765.7,0.32,1.16,1.27,1.55,363.0,1150.0,1335.65,1536.52,163.95,14691.69,8707.79,4638.83,1497.2,40.5,1.92,5.09,9.08,1,2016,4.136130064863963,0.0
2016-02-01,-0.09,123.51,4.42,13341.3125,-0.09,0.31,-0.76,-0.68,31.03,33.5565,97.0955,0.38,1201.405,555.3125,103.75,86.08065456692162,611.63,49.02,49.09,1.65,3.2,191.73,193.27,373.08,736.03,0.31,1.08,1.23,1.52,369.0,1152.0,1307.83,1498.6,161.03,13808.08,8507.29,4471.79,1481.1,41.88,2.27,4.4,8.4,2,2016,4.4217111937774805,-0.08898236531305567
2016-03-01,0.19,123.75,4.45,13281.214285714286,0.19,0.21,-0.35,0.75,37.34,39.7514,96.2595,0.36,1244.8818,555.3125,109.72,87.43465713713529,679.17,50.27,50.33,1.63,3.26,188.43,187.03,373.75,767.24,0.29,1.1,1.27,1.47,384.0,1218.93,1280.0,1511.99,159.68,15610.14,8298.5,4598.62,1531.26,46.83,1.96,3.97,8.56,3,2016,4.448008102633352,0.10516097718815356
2016-04-01,-0.45,123.19,3.6,13268.0,-0.45,0.15,-1.7,-1.04,40.75,43.3867,94.4038,0.37,1242.5381,555.3125,85.22,89.10282728262055,715.95,52.21,52.57,1.67,3.47,189.69,191.07,380.97,765.61,0.34,1.28,1.46,1.44,384.0,1440.48,1280.0,1443.58,159.14,16897.6,8717.25,4953.8,1531.01,56.2,1.7,3.91,7.74,4,2016,3.599360861155497,-0.34784015531467954
2016-05-01,0.24,123.48,3.33,13309.611111111111,0.24,0.23,0.27,0.32,45.94,47.739,94.5219,0.37,1259.5905,555.3125,88.33,90.58938804539098,775.0,50.69,52.35,1.77,3.4,192.76,187.39,395.14,794.13,0.34,1.49,1.71,1.53,395.0,1580.95,1294.47,1474.33,164.41,17032.71,8878.86,4872.74,1571.23,60.92,1.9,3.97,6.82,5,2016,3.3305439330543964,-0.11325028312570828
2016-06-01,0.66,124.29,3.45,13301.5625,0.66,0.33,0.72,1.71,47.69,49.9268,94.6723,0.38,1276.7455,555.3125,90.17,93.76406557022125,753.42,51.31,54.24,1.85,3.42,189.85,171.96,422.55,795.64,0.38,1.36,1.63,1.55,433.0,1439.5,1200.0,1500.81,168.96,16706.95,8660.35,4694.54,1550.63,55.13,1.92,4.33,6.27,6,2016,3.454303312801736,0.5419834978158887
2016-07-01,0.69,125.15,3.21,13228.666666666666,0.69,0.34,1.32,1.2,44.13,46.331,96.5725,0.39,1337.21,566.7969,114.61,92.9848885251337,718.18,52.85,58.59,1.89,3.65,187.01,173.06,457.4,799.91,0.43,1.26,1.49,1.63,441.0,1547.95,1195.0,1517.12,179.87,16966.69,8928.35,4641.97,1593.51,51.98,2.57,4.76,6.4,7,2016,3.2079828467755243,1.2376638084452363
2016-08-01,-0.02,125.13,2.79,13278.85,-0.02,0.36,-0.52,-0.8,44.88,47.1726,95.38,0.4,1337.9565,613.8478,98.74,95.30428384200113,678.16,61.24,62.39,2.0,3.79,166.51,151.75,431.08,796.67,0.43,1.28,1.59,1.79,442.0,1515.0,1327.78,1493.28,161.76,17826.23,10262.86,4864.9,1629.05,57.26,2.79,4.67,6.76,8,2016,2.79306662285385,1.221485196570127
2016-09-01,0.22,125.41,3.07,13245.1875,0.22,0.33,0.14,-0.09,45.04,47.2981,95.4652,0.4,1325.1143,638.7024,104.55,96.10734025848848,771.02,67.39,66.34,2.02,3.69,159.28,149.18,412.17,824.42,0.44,1.3,1.55,1.77,415.0,1575.0,1565.63,1539.99,150.15,18427.02,10335.99,4751.67,1639.28,60.89,2.79,4.05,7.14,9,2016,3.0738883866195406,1.4479857628215436
2016-10-01,0.14,125.59,3.31,13192.642857142857,0.14,0.1,0.57,-0.26,49.29,51.2105,97.739,0.4,1263.98,634.95,85.75,95.91110544723003,797.85,72.72,68.33,2.14,3.89,157.56,150.65,403.53,837.21,0.47,1.36,1.57,1.72,384.0,1557.39,1550.0,1536.8,148.43,19499.52,10191.78,4722.2,1592.36,57.79,2.97,4.25,7.54,10,2016,3.3067368594225632,1.5935932696974588
2016-11-01,0.47,126.18,3.58,13260.777777777777,0.47,0.15,0.13,1.84,45.26,47.1085,99.7055,0.41,1235.96,663.1125,82.92,95.9515213878803,749.75,94.2,83.79,2.29,3.95,164.37,151.75,401.87,861.26,0.49,1.48,1.66,1.73,369.0,1473.57,1550.0,1487.98,152.26,20099.76,10259.74,4731.26,1665.9,59.09,2.95,5.34,7.65,11,2016,3.57905105893943,2.0708623200129446
2016-12-01,0.42,126.71,3.02,13277.5,0.42,0.23,0.97,0.47,52.62,54.7176,102.0133,0.54,1151.3953,700.0833,102.18,95.27143549138606,766.93,103.43,89.15,2.29,4.06,167.28,150.65,397.76,885.11,0.45,1.66,1.87,1.74,365.0,1553.41,1563.64,1459.81,151.8,21126.09,11128.91,5450.93,1737.11,73.1,2.5,5.69,7.59,12,2016,3.0246361492804286,2.4995955347031136
2017-01-01,0.97,127.94,3.49,13394.875,0.97,0.56,2.57,0.67,53.59,55.427,101.122,0.65,1193.19,697.7625,105.2,97.7959691292804,811.38,88.15,80.19,2.25,3.57,161.17,141.83,416.07,916.7,0.41,1.93,2.23,1.75,373.0,1727.14,1600.0,1423.35,152.45,21204.35,10972.27,5660.35,1727.74,80.02,3.58,5.42,7.59,1,2017,3.4945801650218358,0.0
2017-02-01,0.23,128.24,3.83,13401.4375,0.23,0.37,0.58,-0.36,54.35,55.9268,100.6911,0.66,1234.5421,679.6316,114.21,98.12457289415924,825.0,83.73,86.49,2.39,3.72,173.61,153.22,412.0,876.85,0.45,2.16,2.56,1.82,377.0,1818.64,1643.64,1397.52,159.99,20691.79,9971.46,5754.56,1791.24,80.41,3.26,6.14,8.04,2,2017,3.829649421099509,0.2344849148038232
2017-03-01,-0.02,128.22,3.61,13396.444444444445,-0.02,0.1,0.37,-0.77,50.9,52.5057,100.7591,0.79,1230.3783,633.663,96.64,96.15850703498418,808.61,79.98,83.6,2.35,3.67,181.0,155.06,394.53,839.6,0.45,2.23,2.71,1.88,367.0,1688.25,1653.5,1350.87,162.86,19446.47,10643.3,5940.91,1860.75,89.44,2.82,6.05,8.41,3,2017,3.612121212121211,0.21885258715022754
2017-04-01,0.09,128.33,4.17,13390.0,0.09,0.13,1.27,-1.26,52.16,53.8189,100.0453,0.9,1268.6526,588.7763,119.46,95.03573687979927,778.7,80.9,79.11,2.35,3.53,176.54,154.32,383.68,814.94,0.4,1.97,2.35,1.91,370.0,1542.39,1641.3,1305.67,158.96,19875.2,10204.66,5824.63,1901.47,87.65,2.89,5.0,8.25,4,2017,4.172416592255877,0.30483038924497013
2017-05-01,0.39,128.83,4.33,13373.75,0.39,0.16,0.69,0.91,49.89,51.3495,98.2686,0.91,1243.7636,600.2045,102.58,97.34095115508039,752.06,83.65,78.89,2.28,3.43,172.19,166.08,387.44,794.04,0.36,1.65,2.21,1.92,380.0,1589.72,1600.0,1297.58,156.44,19910.32,9609.28,5683.9,1921.22,70.22,3.08,5.01,8.76,5,2017,4.332685455134441,0.6956385805846607
2017-06-01,0.69,129.72,4.37,13396.4,0.69,0.26,2.1,0.65,46.17,47.54,96.9486,1.04,1260.0591,579.0114,126.79,97.76181328483096,762.75,74.42,74.41,2.17,3.31,174.97,180.41,389.72,825.06,0.35,1.53,2.1,1.95,421.0,1719.29,1593.04,1330.3,158.59,20200.33,9155.12,5599.56,1913.02,62.43,3.12,5.06,9.1,6,2017,4.368814868452805,1.3912771611692991
2017-07-01,0.22,130.0,3.88,13377.166666666666,0.22,0.26,0.07,0.17,47.66,49.1255,94.861,1.15,1235.96,595.5,102.81,100.02280692520343,735.14,81.09,79.2,2.25,3.16,183.36,189.6,378.59,832.95,0.31,1.44,1.72,1.87,458.0,1869.76,1592.27,1332.77,157.93,19658.84,8931.76,5719.76,1885.29,57.48,2.94,4.89,8.88,7,2017,3.8753495805033915,1.6101297483195265
2017-08-01,-0.07,129.91,3.82,13358.0,-0.07,0.28,-0.48,-0.87,49.94,51.907,93.1761,1.16,1283.7956,618.3913,138.53,99.2355156422629,720.48,87.49,81.69,2.31,3.3,201.77,202.46,410.23,835.6,0.32,1.52,1.75,1.85,417.0,1644.05,1485.71,1355.22,157.51,20223.48,9491.39,5985.12,1902.96,67.74,2.96,5.0,8.86,8,2017,3.82002717174139,1.5397842738783796
2017-09-01,0.13,130.08,3.72,13382.4375,0.13,0.35,0.15,-0.67,52.95,55.652,92.324,1.15,1313.94,661.125,115.53,99.69022019423026,717.95,98.58,87.84,2.3,3.3,172.68,171.23,392.87,861.72,0.32,1.55,1.84,1.75,393.0,1845.0,1432.61,1386.11,148.5,20521.0,10889.98,6485.63,2030.01,76.07,2.88,5.48,8.92,9,2017,3.723785981979121,1.672659058933887
2017-10-01,0.01,130.09,3.58,13381.333333333334,0.01,0.17,-0.01,-0.53,54.92,57.6491,93.7195,1.15,1279.25,644.2273,91.46,98.84875236936351,754.25,97.82,92.26,2.19,3.23,176.9,178.57,393.95,889.44,0.32,1.61,1.86,1.78,402.0,1600.95,1382.14,1406.1,147.29,20796.62,11215.79,6577.17,2096.49,71.53,2.96,5.96,8.64,10,2017,3.5830878254638105,1.6804752227606734
2017-11-01,0.2,130.35,3.3,13368.5625,0.2,0.13,0.21,0.38,59.93,62.8714,93.9971,1.16,1280.6905,656.8333,92.6,98.8018433404309,746.79,97.11,91.43,2.17,3.1,177.01,175.63,396.52,880.6,0.32,1.46,1.64,1.73,394.0,1484.77,1325.0,1379.14,148.62,20376.09,11335.77,6807.6,2131.49,61.66,2.86,6.18,8.31,11,2017,3.3048026628625675,1.8836954822573055
2017-12-01,0.71,131.28,3.61,13353.75,0.71,0.13,0.91,2.46,61.19,64.0665,93.388,1.3,1265.57,616.175,82.72,96.37387030892755,728.86,96.64,91.39,2.01,3.11,175.66,179.68,393.85,886.77,0.33,1.43,1.57,1.77,402.0,1554.32,1259.55,1385.62,148.7,19557.52,11972.0,6826.55,2097.44,64.24,2.99,6.69,8.45,12,2017,3.6066608791729204,2.6105987181491352
2018-01-01,0.62,132.1,3.25,14128.375,0.62,0.31,-0.15,2.58,66.23,69.0224,90.7448,1.41,1330.675,641.3452,92.43,96.68358420588706,679.17,100.81,95.48,1.93,3.03,172.49,184.09,387.15,867.19,0.32,1.46,1.65,1.88,406.0,1450.66,1231.43,1476.7,148.98,19476.37,11495.11,6833.89,2080.47,72.25,2.76,7.14,8.65,1,2018,3.2515241519462226,0.0
2018-02-01,0.17,132.32,3.18,14142.0,0.17,0.26,0.07,0.1,63.46,65.7037,89.7305,1.42,1330.0579,638.5921,64.49,97.75069144139901,703.45,106.45,97.48,1.95,3.06,178.34,192.17,389.53,870.5,0.31,1.5,1.72,2.01,442.0,1393.86,1180.22,1596.54,155.84,20696.91,12864.88,7065.85,2209.73,76.34,3.86,6.66,9.34,2,2018,3.181534622582645,0.16654049962149803
2018-03-01,0.2,132.58,3.4,14272.8125,0.2,0.19,0.2,0.15,64.17,66.809,89.8762,1.51,1324.2381,625.2857,111.96,98.84703321254662,709.44,105.95,92.68,1.97,3.0,190.56,192.17,416.28,843.56,0.3,1.46,1.72,1.95,425.0,1244.25,1160.0,1605.89,163.36,21651.55,13595.88,7006.52,2181.79,77.46,2.67,6.72,9.83,3,2018,3.400405552955868,0.36336109008328404
2018-04-01,0.1,132.71,3.41,14218.625,0.1,0.15,0.24,-0.29,68.79,71.7624,90.2933,1.69,1335.3429,628.5595,123.26,98.38459738132481,706.19,96.66,89.5,1.94,2.98,198.86,192.17,430.11,836.68,0.28,1.44,1.76,2.03,430.0,1118.63,1227.05,1604.08,172.0,21211.94,13392.5,6799.18,2069.24,70.35,2.7,6.7,10.11,4,2018,3.4130756643029647,0.4617713853141663
2018-05-01,0.21,132.99,3.23,14221.95,0.21,0.21,0.27,0.19,73.43,77.1768,93.2995,1.7,1302.6182,606.25,125.67,98.5224294634908,701.18,93.69,92.32,1.95,2.96,198.79,213.85,439.07,831.85,0.27,1.39,1.73,2.03,451.0,1131.18,1379.76,1577.89,175.6,21291.1,13938.1,6851.51,2254.69,65.75,2.78,6.93,10.09,5,2018,3.2290615539858702,0.6737320211960748
2018-06-01,0.59,133.77,3.12,14222.888888888889,0.59,0.24,1.38,0.9,71.98,75.9795,94.3771,1.82,1280.0238,590.7024,103.97,96.83157564990024,687.15,105.29,101.89,1.96,2.99,209.95,213.85,430.32,793.25,0.27,1.44,1.7,2.08,451.0,1027.75,1450.0,1513.28,179.09,20858.83,14366.49,6825.27,2299.67,66.1,2.8,7.49,10.25,6,2018,3.122109158186873,1.2641937925813898
2018-07-01,0.28,134.14,3.18,14187.375,0.28,0.41,-0.68,0.9,72.67,74.7952,94.5976,1.91,1236.0238,553.2143,110.03,95.00894984826819,656.5,114.33,103.88,1.9,2.95,206.0,219.36,394.44,788.57,0.28,1.38,1.56,2.15,427.0,931.19,1503.33,1494.49,165.07,20660.52,15105.65,6965.86,2237.62,65.04,2.95,7.45,10.44,7,2018,3.1846153846153737,1.5442846328538926
2018-08-01,-0.05,134.07,3.2,14123.625,-0.05,0.3,-0.06,-1.24,71.08,73.9226,95.4817,1.91,1199.9522,543.587,112.74,95.84250196663218,616.14,119.57,106.02,1.86,2.88,206.93,218.26,377.17,780.45,0.26,1.31,1.47,2.12,398.0,916.25,1450.91,1496.33,156.46,19729.8,13793.86,6250.75,2082.24,64.56,2.83,7.6,10.44,8,2018,3.20221691940574,1.4912944738834208
2018-09-01,-0.18,133.83,2.88,14148.944444444445,-0.18,0.28,0.0,-1.83,75.36,79.16,94.7395,1.95,1196.7053,540.8816,75.05,94.016746664417,614.75,117.34,98.48,1.78,2.76,217.44,236.63,376.77,761.82,0.24,1.34,1.47,2.08,405.0,915.22,1405.45,1475.4,162.37,19228.77,13411.35,6051.05,2051.51,67.15,2.96,8.08,10.88,9,2018,2.882841328413284,1.3096139288418003
2018-10-01,0.28,134.2,3.16,14339.4375,0.28,0.29,0.32,0.17,76.73,80.6296,95.8526,2.19,1213.9696,529.8587,92.02,93.16323002936052,605.15,114.16,102.14,1.69,2.67,202.05,212.38,356.87,754.05,0.25,1.33,1.44,1.99,405.0,897.13,1380.0,1492.69,154.8,18967.13,12510.35,6050.76,2026.46,68.44,2.98,9.52,11.3,10,2018,3.159351218387259,1.5897047691143034
2018-11-01,0.27,134.56,3.23,14264.375,0.27,0.22,0.52,0.23,62.32,66.2329,96.7614,2.2,1219.2381,492.6667,80.41,91.92833820204312,589.8,108.73,100.34,1.88,3.03,209.1,213.48,367.96,751.58,0.29,1.32,1.43,1.91,409.0,830.25,1265.22,1485.36,160.26,19121.48,12314.91,6219.59,2029.86,73.41,3.28,8.79,11.66,11,2018,3.229766014576147,1.8622255866767663
2018-12-01,0.62,135.39,3.13,14230.3,0.62,0.17,1.2,1.55,53.96,57.47,96.8758,2.27,1253.0474,492.1711,90.61,92.0416102058122,539.1,100.73,91.58,1.84,3.02,210.85,203.56,374.04,729.22,0.28,1.23,1.35,1.91,401.0,759.26,1223.86,1479.22,160.69,19064.86,11239.72,6195.92,1938.51,73.26,4.13,8.27,11.7,12,2018,3.1307129798902995,2.490537471612409
2019-01-01,0.32,135.83,2.82,14154.0,0.32,0.3,-0.12,0.97,56.58,60.1219,95.9376,2.4,1290.8619,530.7738,87.42,93.08303779993389,535.02,101.37,95.41,1.71,2.8,217.81,211.28,380.53,727.88,0.28,1.26,1.44,1.9,404.0,796.27,1212.63,1480.06,167.44,19259.58,10835.08,6075.32,1920.38,69.16,3.98,7.98,12.0,1,2019,2.8236184708554264,0.0
2019-02-01,-0.08,135.72,2.57,14218.9375,-0.08,0.26,0.06,-1.3,61.13,64.2763,96.4584,2.4,1318.4474,557.9605,96.8,93.82715057998416,584.58,98.56,91.29,1.72,2.83,220.16,209.81,381.96,747.79,0.28,1.36,1.59,1.82,410.0,773.07,1235.22,1486.35,166.74,20457.75,11523.09,5939.1,1853.72,76.16,3.08,7.26,12.01,2,2019,2.5695284159613103,-0.0809835824192105
2019-03-01,0.11,135.87,2.48,14222.5,0.11,0.16,0.08,-0.02,63.79,67.0276,96.7829,2.41,1298.5286,522.9167,82.33,92.9804619012011,602.97,95.42,84.16,1.73,2.83,217.25,218.99,380.33,772.82,0.29,1.4,1.65,1.79,408.0,710.43,1367.5,1472.28,169.52,21263.95,12685.23,6300.49,1862.99,88.22,2.72,6.01,11.81,3,2019,2.481520591341071,0.029448575425157948
2019-04-01,0.44,136.47,2.83,14135.75,0.44,0.17,0.16,1.59,68.58,71.6286,97.3586,2.42,1284.7857,529.9167,79.25,93.46904368626568,573.02,93.12,78.81,1.7,2.73,200.39,205.76,369.53,750.33,0.28,1.47,1.72,1.85,406.0,678.56,1383.33,1476.02,166.22,21393.4,13026.27,6439.46,1871.21,86.47,2.94,5.18,11.29,4,2019,2.833245422349477,0.4711772068026109
2019-05-01,0.68,137.4,3.32,14110.555555555555,0.68,0.27,0.48,2.18,66.83,70.3118,97.7418,2.39,1283.3727,488.3295,106.47,94.15785709874329,588.45,86.77,72.49,1.62,2.67,197.33,199.52,359.84,733.77,0.28,1.5,1.72,1.92,413.0,668.63,1318.5,1505.38,161.49,20604.3,12772.79,6438.36,1845.42,93.7,2.65,4.92,10.27,5,2019,3.316038799909765,1.1558565854376743
2019-06-01,0.55,138.16,3.28,14130.25,0.55,0.38,-0.09,1.7,59.76,63.038,96.8045,2.38,1359.67,484.525,106.59,95.4010772869444,564.4,82.32,68.93,1.57,2.66,200.32,199.52,339.81,742.53,0.27,1.5,1.77,1.77,409.0,661.17,1312.86,1511.52,171.08,19523.9,12016.31,6017.9,1781.26,100.15,2.63,4.34,10.15,6,2019,3.2817522613440877,1.7153795185157799
2019-07-01,0.31,138.59,3.32,14142.125,0.31,0.33,-0.36,0.89,61.48,64.2564,97.3659,2.4,1413.2954,476.125,93.52,95.08883983084431,552.19,72.49,62.94,1.63,2.86,222.41,206.13,358.95,742.89,0.28,1.5,1.93,1.71,420.0,635.6,1315.0,1522.28,195.08,19193.2,11943.94,5882.23,1755.95,108.94,2.4,3.59,10.04,7,2019,3.3174295512151613,2.031951704336296
2019-08-01,0.12,138.75,3.49,14151.666666666666,0.12,0.43,-0.4,-0.25,57.67,59.5018,98.0045,2.13,1502.0364,514.1932,103.4,93.84638464040344,543.88,72.08,65.79,1.63,2.99,203.96,196.21,369.58,748.17,0.28,1.41,1.67,1.67,416.0,657.31,1260.0,1496.12,189.42,17977.85,13546.3,5941.2,1796.99,120.24,2.36,3.62,10.13,8,2019,3.4907138062206364,2.1497460060369487
2019-09-01,-0.27,138.37,3.39,14143.0,-0.27,0.29,0.01,-2.26,60.04,62.4685,98.6,2.04,1507.42,525.925,90.37,93.23986719519331,586.12,65.55,60.43,1.56,2.78,197.52,181.15,360.93,793.21,0.27,1.31,1.5,1.56,430.0,719.28,1252.38,1436.95,163.59,16608.99,15748.64,5709.44,1740.68,93.07,2.22,3.68,10.86,9,2019,3.3923634461630368,1.8699845394978958
2019-10-01,0.02,138.4,3.13,14140.1875,0.02,0.17,0.03,-0.47,57.27,59.6322,98.173,1.83,1493.3304,525.9891,97.84,95.04127495566141,580.3,65.95,61.37,1.56,2.84,201.91,189.6,366.07,779.25,0.26,1.34,1.5,1.57,427.0,724.03,1321.43,1385.38,157.26,16830.62,17656.88,5759.25,1753.51,93.08,2.58,4.21,10.14,10,2019,3.1296572280178965,1.8920709710667696
2019-11-01,0.14,138.6,3.0,14109.85,0.14,0.11,0.03,0.42,60.4,62.6515,98.065,1.55,1470.0,620.2,73.08,98.2497309528696,591.35,69.2,67.44,1.51,2.8,212.85,199.52,381.65,770.8,0.28,1.3,1.43,1.63,424.0,719.52,1358.7,1360.05,167.15,16603.39,17046.22,5757.3,1725.96,88.53,2.33,5.06,9.98,11,2019,3.0023781212841794,2.03931384819258
2019-12-01,0.34,139.07,2.72,14109.5,0.34,0.11,0.63,0.86,63.35,65.1738,97.3767,1.55,1480.8524,684.7381,74.28,100.79080644635184,685.41,66.99,73.62,1.62,3.11,223.54,203.19,375.51,770.2,0.28,1.39,1.54,1.65,421.0,848.92,1400.0,1360.93,166.33,16335.48,15171.81,5859.95,1774.79,84.98,2.65,5.15,10.04,12,2019,2.71807371297733,2.385334609438254
2020-01-01,0.39,104.33,2.68,14680.416666666666,0.39,0.19,-0.28,1.93,61.63,63.6,97.4362,1.55,1559.9333,737.6667,138.42,102.46725884054418,763.73,66.18,76.03,1.61,3.46,237.68,210.91,383.2,833.52,0.3,1.46,1.66,1.67,432.0,1031.29,1528.75,1362.61,166.96,17141.05,13829.42,6077.06,1771.38,92.65,2.24,4.62,10.06,1,2020,-23.190753147316506,0.0
2020-02-01,0.28,104.62,2.98,14634.166666666666,0.28,0.14,-0.11,1.27,53.35,55.3621,98.8432,1.58,1595.6158,648.7632,75.96,99.58671217736413,810.07,69.66,82.09,1.56,3.13,247.99,224.5,387.23,875.64,0.31,1.47,1.68,1.74,451.0,1003.72,1671.59,1374.37,171.79,17029.18,13506.86,6031.21,1773.09,95.76,2.03,3.63,9.89,2,2020,-22.914824638962568,0.2779641522093418
2020-03-01,0.1,104.72,2.96,14503.9,0.1,0.29,-0.19,-0.38,32.2,33.7291,98.835,0.65,1594.65,552.8636,81.54,95.21488451489662,728.81,67.64,79.99,1.5,2.99,238.98,215.32,375.63,800.41,0.33,1.34,1.61,1.69,450.0,844.12,1718.75,1364.56,168.71,16480.3,12715.55,5687.75,1688.1,87.68,1.92,2.91,9.89,3,2020,-22.92632663575477,0.3738138598677279
2020-04-01,0.08,104.8,2.67,14375.625,0.08,0.17,-0.14,-0.09,21.04,26.6314,99.9129,0.05,1694.9809,515.881,69.34,92.42099237950778,636.25,66.74,67.89,1.49,3.27,228.12,209.07,372.61,747.8,0.26,1.21,1.5,1.49,494.0,837.72,1868.18,1400.08,162.42,15290.91,11846.23,5182.63,1610.89,88.99,1.79,2.72,10.21,4,2020,-23.206565545541146,0.4504936259944396
2020-05-01,0.07,104.87,2.19,14357.857142857143,0.07,0.06,0.67,-0.5,30.38,32.256,99.553,0.05,1718.69,472.0625,68.51,91.1522748876618,608.88,58.55,56.58,1.41,3.41,221.69,218.99,361.26,679.98,0.23,1.11,1.33,1.4,564.0,834.51,2050.0,1390.91,146.91,14952.8,11804.01,5057.97,1459.93,84.73,1.74,2.12,10.01,5,2020,-23.675400291120816,0.5175884213553208
2020-06-01,0.18,105.06,1.96,14580.277777777777,0.18,0.02,0.22,0.77,39.46,40.7727,97.0877,0.08,1735.9227,551.4545,71.23,93.1355966912326,576.56,52.49,57.42,1.42,3.3,209.93,205.76,359.17,684.78,0.24,1.12,1.35,1.45,510.0,832.33,2050.0,1394.65,143.91,15401.92,12179.61,5239.83,1466.37,93.65,1.75,1.58,10.08,6,2020,-23.957730167921248,0.6997028659062628
2020-07-01,-0.1,104.95,1.54,14530.625,-0.1,0.16,-0.07,-1.19,42.07,43.2414,95.5141,0.09,1847.5409,576.4545,66.47,93.77510606825632,656.49,52.21,56.81,1.42,3.12,200.5,198.42,369.58,755.71,0.27,1.17,1.4,1.49,520.0,916.38,2050.0,1451.36,147.99,16837.84,12727.15,5754.6,1568.57,103.3,1.61,1.75,8.97,7,2020,-24.273035572552132,0.5942681874820326
2020-08-01,-0.05,104.9,1.32,14600.9375,-0.05,0.29,-0.02,-1.44,43.44,45.02,93.0443,0.1,1966.2381,644.1905,65.47,95.6677271001103,694.16,51.56,56.6,1.49,3.24,212.74,222.13,381.07,821.11,0.27,1.2,1.48,1.51,480.0,888.31,1984.78,1486.92,152.55,17469.92,13402.3,6372.46,1643.81,108.52,1.74,1.8,7.79,8,2020,-24.39639639639639,0.5463433336528395
2020-09-01,-0.05,104.85,1.42,14481.5625,-0.05,0.13,-0.19,-0.6,40.6,41.8671,93.4371,0.09,1920.2762,688.1548,80.38,97.91460667133413,760.3,50.14,57.38,1.6,3.6,208.94,223.0,384.55,866.94,0.29,1.32,1.7,1.54,505.0,981.3,1929.76,1479.92,149.34,17650.03,14537.75,6498.94,1737.26,121.07,2.3,2.86,6.34,9,2020,-24.22490424224905,0.4984184798236328
2020-10-01,0.07,104.92,1.44,14195.388888888889,0.07,0.04,-0.15,0.4,39.9,41.5241,93.4064,0.09,1900.2455,688.4205,76.08,101.31856844694124,796.22,54.6,57.47,1.6,3.67,219.68,247.68,423.41,905.86,0.28,1.37,1.86,1.56,507.0,1034.18,1663.64,1470.95,166.08,17951.26,14857.49,6704.9,1743.77,123.75,1.92,3.95,5.88,10,2020,-24.190751445086708,0.5655132751845139
2020-11-01,0.28,105.21,1.59,14318.4375,0.28,0.06,0.16,1.31,42.3,43.789,92.6195,0.09,1866.08,774.2,70.07,105.51219139335447,819.27,58.4,61.04,1.51,3.35,245.2,272.36,454.25,914.77,0.3,1.53,2.19,1.65,471.0,1118.36,1532.73,1438.22,186.75,18176.59,15239.36,6713.81,1806.1,119.78,2.25,4.89,6.18,11,2020,-24.090909090909093,0.8434774273938421
2020-12-01,0.45,105.68,1.68,14388.07142857143,0.45,0.05,0.35,2.17,48.73,50.2182,90.5127,0.09,1859.2954,830.2841,64.07,108.46413920901965,917.81,64.4,69.43,1.6,3.32,247.95,273.0,499.98,973.88,0.31,1.56,2.3,1.71,489.0,1368.95,1607.14,1442.77,190.38,18522.48,15807.73,7068.91,1935.28,124.36,2.59,4.84,6.86,12,2020,-24.009491622923697,1.2939710533882953
2021-01-01,0.26,105.95,1.55,14295.966666666667,0.26,0.14,-0.19,1.15,53.6,55.3516,90.2263,0.09,1865.1842,893.1974,77.42,113.49364256189074,1016.37,83.03,85.18,1.59,3.48,251.15,268.55,510.94,1026.2,0.31,1.57,2.33,1.79,520.0,1464.96,1937.5,1497.69,198.77,19731.96,16823.04,7772.24,2014.67,155.43,2.54,5.86,7.66,1,2021,1.552765264065949,0.0
2021-02-01,0.1,106.06,1.38,14305.0,0.1,0.11,0.21,-0.01,60.46,62.2279,90.6516,0.08,1805.5316,846.9342,73.96,116.49751919361708,990.27,86.83,86.85,1.56,3.54,276.45,289.3,576.37,1098.67,0.34,1.59,2.3,1.92,545.0,1463.07,1892.86,1495.98,234.47,21920.24,17863.18,7972.15,2003.98,169.63,2.67,7.27,9.0,2,2021,1.3764098642706917,0.10382255781028733
2021-03-01,0.08,106.15,1.37,14281.875,0.08,-0.03,0.02,0.56,63.83,65.7022,92.0091,0.07,1719.5174,929.4783,78.62,119.10272734215664,1019.86,86.74,82.76,1.62,3.67,276.63,289.4,578.26,1123.5,0.36,1.68,2.35,2.05,557.0,1444.5,1875.0,1479.18,245.24,26315.75,18584.38,8470.94,2078.59,163.8,5.07,6.16,9.88,3,2021,1.3655462184874017,0.1887682869277988
2021-04-01,0.13,106.29,1.42,14222.5,0.13,0.14,0.11,0.15,62.95,65.3286,91.5876,0.07,1759.7571,904.4048,88.17,122.06139321899511,1030.48,94.92,90.66,1.63,3.68,272.58,273.13,585.71,1284.81,0.34,1.74,2.37,2.02,525.0,1540.65,1623.04,1476.34,245.17,27061.0,16406.66,8988.25,2190.48,168.18,2.56,6.13,7.9,4,2021,1.4217557251908484,0.3209060877772566
2021-05-01,0.32,106.63,1.68,14282.111111111111,0.32,0.24,0.48,0.39,66.4,68.2585,90.318,0.06,1850.645,1011.7875,93.01,128.3515856198228,1078.05,92.22,89.13,1.64,3.72,281.38,280.95,597.13,1386.35,0.36,1.64,2.15,2.0,495.0,1659.64,1426.82,1487.25,268.23,28328.42,16521.25,9324.82,2319.39,179.83,2.61,7.15,8.28,5,2021,1.678268332220836,0.6418121755544999
2021-06-01,-0.16,106.46,1.33,14301.875,-0.16,0.14,-0.21,-1.23,71.8,73.4082,91.0391,0.08,1834.1227,914.0,74.13,125.36148779894319,1136.46,107.04,99.31,1.76,4.11,270.98,297.25,646.8,1574.67,0.38,1.69,2.29,2.0,493.0,1715.24,1450.0,1514.29,305.31,32246.21,17577.06,10161.97,2433.53,207.72,2.89,8.91,8.92,6,2021,1.332571863696927,0.4813591316658716
2021-07-01,0.08,106.54,1.52,14275.0,0.08,0.07,0.05,0.14,73.28,74.1571,92.5229,0.1,1805.5048,939.6429,58.42,124.3727886747043,1004.42,129.97,112.92,1.87,4.24,263.48,285.55,614.68,1518.16,0.38,1.64,2.12,2.08,466.0,1670.68,1450.0,1502.27,292.56,32502.55,17979.57,9631.5,2446.65,214.43,3.23,10.3,9.62,7,2021,1.5150071462601271,0.5568664464370018
2021-08-01,0.03,106.57,1.59,14270.5,0.03,0.21,0.02,-0.64,68.87,70.5136,92.8,0.09,1785.2318,1009.0795,89.49,127.98606001293271,1062.99,151.97,122.33,2.08,4.5,254.67,294.27,600.44,1468.34,0.39,1.63,1.87,2.15,414.0,1584.09,1456.82,1504.13,278.43,34020.18,18818.51,9450.82,2497.64,214.14,3.8,12.51,10.36,8,2021,1.5919923736892156,0.5851816894761589
2021-09-01,-0.04,106.53,1.6,14323.888888888889,-0.04,0.13,0.14,-0.88,72.8,75.0029,92.9924,0.08,1775.9,1034.3571,80.7,129.14486699463782,1141.82,169.58,137.92,2.1,4.77,276.18,324.52,585.8,1433.94,0.43,1.71,1.9,2.23,403.0,1493.64,1443.18,1504.12,256.61,35024.0,19141.3,9370.14,2602.99,162.16,4.05,15.43,10.8,9,2021,1.6022889842632397,0.5474280320906072
2021-10-01,0.12,106.66,1.66,14251.875,0.12,0.07,0.33,0.07,82.06,83.7462,93.9514,0.08,1776.4048,1156.381,79.03,133.27435051497795,1181.38,185.69,146.05,2.31,4.97,263.6,337.55,557.55,1398.75,0.43,1.63,1.79,2.29,400.0,1485.0,1476.14,1483.27,235.62,34887.3,19376.88,9324.71,2834.56,124.52,5.11,22.84,11.44,10,2021,1.6584064048799037,0.6701274185936703
2021-11-01,0.37,107.05,1.75,14149.666666666666,0.37,0.17,0.37,1.19,79.92,80.7843,95.271,0.08,1819.5,1172.8333,86.57,135.44056329946903,1310.25,224.51,199.65,2.32,5.31,263.6,354.67,551.95,1483.52,0.42,1.73,1.87,2.59,401.0,1922.86,1539.29,1461.66,239.65,37722.92,19362.39,9829.22,2934.39,122.91,5.48,31.05,12.38,11,2021,1.7488831860089378,1.0382255781028733
2021-12-01,0.57,107.66,1.87,14344.0,0.57,0.16,0.45,2.32,72.87,74.7432,96.19,0.08,1791.0454,1091.6477,105.35,133.7218515098582,1340.65,157.48,128.0,2.41,5.71,334.5,379.45,551.04,1442.96,0.43,1.74,1.93,2.79,400.0,1960.68,1552.27,1439.66,248.72,39158.69,19932.86,9728.9,2636.45,96.24,5.02,27.62,15.25,12,2021,1.8735806207418524,1.6139688532326508
2022-01-01,0.56,108.26,2.18,14938.57142857143,0.56,0.42,0.38,1.3,83.92,85.527,95.9665,0.08,1816.64,1196.5125,138.67,135.69780588364443,1270.29,169.65,142.5,2.48,5.91,327.82,376.81,554.14,1411.21,0.42,1.72,1.92,2.65,400.0,1695.71,1475.0,1422.52,264.54,39422.52,20015.55,9551.18,2695.53,116.96,3.73,38.03,15.32,1,2022,2.1802737140160473,0.0
2022-02-01,-0.02,108.24,2.06,14867.857142857143,-0.02,0.31,0.18,-1.5,93.54,94.0337,95.9968,0.08,1857.7421,1325.2237,216.16,141.6697709529155,1344.79,196.95,168.5,2.43,5.98,325.16,374.24,606.22,1469.56,0.4,1.78,1.97,2.91,427.0,2016.14,1479.55,1428.56,276.62,41791.7,22355.4,9782.34,3005.98,132.53,4.33,28.26,14.69,2,2022,2.0554403168018034,-0.018474043968234093
2022-03-01,0.66,108.95,2.64,14829.833333333334,0.08,-0.03,0.02,0.56,112.4,112.463,98.467,0.2,1950.6739,1513.1522,318.95,160.22445466222428,1522.36,219.78,196.4,2.41,6.17,339.35,390.5,661.63,1595.74,0.39,1.79,2.11,3.05,427.0,2147.89,1496.25,1445.25,292.62,43983.35,24015.55,9943.17,3245.79,142.84,4.66,27.23,17.0,3,2022,2.637776731040977,0.6373545169037481
2022-04-01,0.95,109.98,3.47,14786.375,0.95,0.36,1.83,2.3,103.41,105.917,100.7085,0.33,1933.93,1413.5375,191.14,158.79942040312292,1776.96,314.04,294.42,2.29,5.7,446.66,486.3,720.6,1956.88,0.42,1.75,2.12,3.11,422.0,2230.22,1491.3,1514.62,335.53,43949.67,33924.18,10230.89,3498.37,152.07,4.88,42.39,15.11,4,2022,3.4716342082980503,1.5887677812673182
2022-05-01,0.4,110.42,3.55,14875.714285714286,0.4,0.23,0.48,0.94,110.1,111.4971,103.1676,0.77,1845.9381,1459.8095,142.26,158.6922950139432,1682.74,310.85,302.0,2.29,5.85,427.31,495.28,720.79,1947.51,0.43,1.7,2.09,3.42,431.0,2094.61,1443.75,1643.39,348.17,42991.11,33132.74,10161.38,3244.41,151.25,6.53,32.2,16.29,5,2022,3.5543468067148143,1.9951967485682582
2022-06-01,0.61,111.09,4.35,14839.285714285714,0.61,0.19,0.27,2.51,116.8,117.6638,103.8443,1.21,1834.5476,1339.2262,130.71,155.66312893928134,1716.92,371.86,280.0,2.27,5.74,438.38,522.29,724.09,1962.88,0.43,1.62,2.06,3.61,464.0,1813.33,1482.95,1634.21,344.84,35769.39,28062.55,9377.15,2830.32,131.21,8.14,29.17,16.68,6,2022,4.349051286868317,2.6140772215037855
2022-07-01,0.64,111.8,4.94,14846.7,0.64,0.28,1.17,1.41,105.08,104.705,107.0335,1.68,1729.8,912.3875,117.18,141.60507728200506,1501.1,374.08,291.36,2.29,6.03,379.89,459.59,737.06,1751.76,0.42,1.64,2.03,3.4,444.0,1700.5,1607.14,1608.06,335.71,31559.31,25658.63,9024.46,2563.44,130.74,7.67,33.56,15.53,7,2022,4.937112821475494,3.2699057823757545
2022-08-01,-0.21,111.57,4.69,14855.0,-0.21,0.38,0.33,-2.9,95.97,97.7409,107.1496,2.33,1762.4783,911.6739,132.86,138.69153831893465,1056.64,402.2,269.09,2.21,5.64,316.69,382.5,678.2,1533.4,0.4,1.56,1.78,2.89,418.0,1540.53,1621.09,1581.28,322.97,25395.77,21481.89,7544.81,2408.42,108.57,7.26,51.33,18.88,8,2022,4.69175190015952,3.0574542767411677
2022-09-01,1.17,112.87,5.95,14841.625,1.17,0.3,6.18,-0.79,88.22,90.3248,110.7433,2.56,1678.6143,835.5714,131.99,137.33160413680997,1025.95,406.97,274.62,2.42,5.92,316.69,382.86,671.11,1598.78,0.39,1.46,1.61,2.74,431.0,1384.57,1625.0,1623.3,289.84,24647.48,22057.39,7981.84,2430.79,108.85,8.79,70.04,21.21,9,2022,5.95137519947433,4.25826713467578
2022-10-01,-0.11,112.75,5.71,14736.875,-0.11,0.16,0.33,-1.62,90.33,93.5938,111.9414,3.08,1665.8381,810.1548,143.16,136.66577500353668,909.32,430.81,234.98,2.46,5.9,316.69,419.14,664.45,1548.32,0.39,1.32,1.48,2.59,439.0,1248.1,1641.67,1623.2,312.66,21124.04,22773.97,7746.01,2224.76,99.81,7.76,59.1,23.73,10,2022,5.709731858241144,4.147422870866428
2022-11-01,0.09,112.85,5.42,14716.666666666666,0.09,0.15,0.14,-0.22,87.38,91.1143,108.14,3.78,1726.0476,903.6786,116.72,135.97859321247356,888.99,389.79,191.22,2.27,5.29,316.69,437.95,626.0,1575.9,0.39,1.29,1.5,2.2,431.0,1108.1,1619.05,1621.79,343.56,19391.17,22032.89,7651.08,2255.54,92.56,5.62,39.02,21.84,11,2022,5.418028958430638,4.239793090707546
2022-12-01,0.66,113.59,5.51,14842.5,0.66,0.22,0.73,2.24,78.07,81.3414,104.5029,4.1,1797.1143,899.0714,111.2,133.09893257721535,945.74,342.16,169.1,2.04,4.72,316.69,422.68,648.92,1651.6,0.41,1.27,1.43,2.23,440.0,1173.25,1639.29,1677.21,320.92,21249.5,25562.7,8049.86,2350.72,93.34,5.28,35.72,19.59,12,2022,5.508080995727297,4.923332717531865
2023-01-01,0.34,113.98,5.28,15267.0,0.34,0.33,-0.55,1.4,80.41,83.879,102.712,4.33,1899.835,916.5625,104.27,131.4298765234223,940.39,379.23,215.0,2.05,4.63,316.69,386.33,645.67,1409.24,0.42,1.35,1.54,2.22,467.0,1158.41,1670.45,1745.96,302.25,24172.37,28946.81,8375.4,2401.69,111.84,5.5,36.04,20.58,1,2023,5.283576574912248,0.0
2023-02-01,0.16,114.16,5.47,15233.375,0.16,0.13,0.14,0.28,80.25,83.5095,103.66,4.57,1853.2368,913.1447,120.99,130.7331631955989,941.97,317.99,172.0,2.12,4.56,316.69,380.36,626.59,1351.77,0.42,1.41,1.63,2.21,517.0,1078.5,1681.25,1779.84,302.78,28154.14,28194.61,9037.95,2501.82,122.23,3.27,20.18,20.19,2,2023,5.469327420546934,0.15792244253377136
2023-03-01,0.18,114.36,4.97,15213.888888888889,0.18,0.16,0.12,0.29,76.47,79.207,103.7674,4.65,1912.9609,905.7826,105.38,127.98604812676369,949.98,207.48,144.67,2.29,5.06,311.88,394.75,651.12,1243.01,0.45,1.4,1.62,2.19,492.0,1086.67,1750.0,1762.2,298.18,26862.9,26727.95,8936.59,2416.18,127.6,2.38,16.54,18.42,3,2023,4.965580541532811,0.3333918231268604
2023-04-01,0.33,114.74,4.33,15202.5,0.33,0.25,0.69,0.29,82.46,83.3689,101.7642,4.83,2001.0474,855.6184,106.81,128.3884752652535,972.06,187.23,136.84,2.35,4.9,284.68,369.86,628.38,1113.19,0.45,1.36,1.58,2.1,476.0,1114.75,1750.0,1720.35,282.49,23999.96,23288.61,8856.31,2296.42,128.37,2.3,13.81,16.03,4,2023,4.328059647208575,0.6667836462537208
2023-05-01,0.09,114.84,4.0,15182.5,0.09,0.06,-0.25,0.49,74.12,75.6323,102.7014,5.06,1993.4227,786.0682,108.47,124.46266276043217,1005.24,194.28,133.75,2.55,5.06,277.16,378.18,614.93,1029.97,0.53,1.36,1.54,2.1,501.0,1073.95,1737.5,1755.34,291.11,25793.75,23894.56,8809.42,2343.23,117.39,2.16,13.52,14.37,5,2023,4.002898025719979,0.7545183365502715
2023-06-01,0.14,115.0,3.52,15269.5,0.14,0.12,-0.02,0.44,73.26,74.9257,103.1119,5.08,1941.6524,743.4762,110.53,123.0074423593665,934.06,160.48,103.0,2.7,4.85,260.51,367.74,595.0,988.32,0.56,1.35,1.56,2.07,510.0,1047.69,1773.08,1787.31,268.14,25533.8,21970.39,8217.47,2268.6,105.15,2.15,10.11,13.43,6,2023,3.519668737060038,0.8948938410247376
2023-07-01,0.21,115.24,3.08,15265.625,0.21,0.13,0.44,0.17,78.98,80.3555,101.3275,5.12,1950.765,850.2625,107.45,124.35991296032483,816.97,139.42,98.58,2.91,4.57,257.0,345.5,591.89,1007.12,0.54,1.32,1.53,2.04,514.0,1012.73,1850.0,1810.35,266.87,27216.68,21233.28,8396.52,2184.75,113.45,2.18,10.35,12.68,7,2023,3.076923076923075,1.105457097736437
2023-08-01,-0.02,115.22,3.27,15224.375,-0.02,0.13,-0.02,-0.51,84.72,85.1043,103.0965,5.33,1917.5565,835.7826,101.14,121.79858561713715,878.5,140.63,96.75,2.81,4.27,249.85,345.5,633.85,1135.74,0.52,1.3,1.49,2.05,547.0,1047.38,1960.48,1879.02,242.38,28743.14,21091.26,8476.68,2159.73,114.43,2.55,9.55,12.99,8,2023,3.27148875145649,1.087910159677132
2023-09-01,0.19,115.44,2.28,15270.0,0.19,0.12,0.23,0.37,92.22,92.7665,105.3315,5.33,1912.41,818.425,98.63,121.66964695848252,860.82,152.61,97.6,2.75,4.12,230.81,315.82,583.93,1126.53,0.53,1.29,1.47,2.11,635.0,1099.09,2000.0,1882.62,207.61,26074.87,20438.65,8349.13,2136.57,110.2,2.58,11.19,12.54,9,2023,2.27695578984672,1.280926478329526
2023-10-01,0.17,115.64,2.56,15283.777777777777,0.17,0.08,0.46,0.21,89.08,88.7041,106.3532,5.33,1915.5682,779.2727,197.89,120.72453036002507,829.6,162.47,99.85,2.73,4.05,230.55,314.68,619.04,1111.63,0.58,1.42,1.55,2.16,620.0,1071.67,2050.0,1851.82,223.81,25573.93,19644.64,8276.71,2184.67,120.98,2.64,11.55,12.21,10,2023,2.56319290465632,1.456395858922615
2023-11-01,0.38,116.08,2.86,15255.75,0.38,0.12,0.08,1.72,81.35,82.0277,104.5281,5.33,1985.3714,814.619,156.7,120.60622410101107,804.26,142.12,128.4,2.62,4.05,236.65,298.1,529.57,1133.87,0.57,1.45,1.61,2.11,590.0,1046.43,2050.0,1832.74,230.7,24536.07,18281.23,7937.18,2192.21,118.97,2.99,14.57,12.62,11,2023,2.8622064687638495,1.8424284962274033
2023-12-01,0.41,116.56,2.61,15190.75,0.41,0.14,0.39,1.42,75.72,77.324,102.683,5.33,2031.675,805.1875,142.28,119.06942919244582,830.47,126.82,109.0,2.7,4.35,241.03,283.55,553.05,1118.39,0.57,1.48,1.67,1.99,598.0,1114.55,2050.0,1869.68,211.26,24167.86,17027.36,8189.59,2202.26,131.07,2.71,14.49,12.72,12,2023,2.6146667840478903,2.263555009650814
2024-01-01,0.04,116.606624,2.57,15820.400000000001,0.04,0.2,-0.48,0.01,77.67,79.1971,102.9748,5.33,2028.0428,808.119,160.37,117.64823715481582,813.51,141.82,108.83,2.99,4.65,255.03,291.12,547.43,1062.48,0.48,1.46,1.66,2.0,644.0,1108.81,2050.0,1847.44,206.55,24600.26,16460.84,8399.94,2182.43,137.05,2.53,11.51,14.44,1,2024,2.3044604316546695,0.0
2024-02-01,0.37,117.0380685088,2.75,15828.333333333334,0.37,0.14,0.15,1.53,80.55,81.624,104.1045,5.33,2025.215,805.0875,146.6,117.448709613027,844.9,124.9,106.75,3.26,4.47,247.86,283.91,547.38,971.46,0.48,1.53,1.8,2.03,660.0,1130.57,2056.0,1787.36,198.62,25099.84,16103.83,8338.88,2192.82,135.82,3.18,9.56,14.34,2,2024,2.521083136650314,0.3699999999999988
2024-03-01,0.52,117.64666646504577,3.05,15866.25,0.52,0.23,0.08,2.16,83.55,84.6655,103.624,5.33,2161.87,868.1875,133.21,118.94674437043133,856.93,124.22,105.19,3.38,4.6,246.16,278.5,519.75,911.9,0.5,1.56,2.02,2.2,624.0,1171.58,2025.0,1731.46,189.13,26104.1,16338.46,8304.95,2179.46,124.39,1.72,8.15,13.64,3,2024,2.8739650796132996,0.8919240000000106
2024-04-01,0.25,117.94078313120838,3.0,15808.333333333334,0.25,0.29,0.62,-0.31,88.01,89.0,105.4118,5.33,2332.5909,883.1705,163.95,119.24981652077558,942.92,131.49,104.84,3.66,4.61,228.49,274.83,487.49,964.95,0.48,1.65,2.39,2.2,613.0,1287.86,1950.0,1725.23,190.57,27450.46,17438.83,8689.13,2226.16,109.79,1.5,8.55,13.19,4,2024,2.789596593348773,1.1441538100000055
2024-05-01,-0.03,117.90540089626901,2.84,15853.0,-0.03,0.17,-0.13,-0.69,81.45,82.9918,104.965,5.33,2349.6318,816.0227,130.52,120.48915811885604,935.69,134.97,104.89,4.23,5.27,227.81,272.3,477.3,958.56,0.45,1.63,2.28,1.99,592.0,1425.23,1850.0,1701.83,191.65,31774.5,18163.95,9464.43,2506.1,112.75,1.6,9.09,11.88,5,2024,2.6692797773154053,1.1138105638570055
2024-06-01,-0.08,117.811076575552,2.51,15860.625,-0.08,0.1,0.12,-0.98,81.21,82.8895,105.1668,5.33,2326.0789,836.4605,113.09,120.99067025563961,859.15,142.01,105.63,4.04,5.08,253.16,289.42,490.22,988.0,0.42,1.69,2.15,1.91,628.0,1401.74,1800.0,1718.56,197.79,32977.51,19586.98,10139.33,2564.54,118.88,2.13,10.12,12.16,6,2024,2.444414413523473,1.0329195154059148
2024-07-01,-0.18,117.59901663771599,2.13,15849.285714285714,-0.18,0.18,0.11,-1.92,83.26,83.7177,104.6105,5.33,2393.3364,846.7159,92.39,120.87563944840363,873.67,135.1,105.3,4.5,5.48,230.61,265.55,479.72,1010.68,0.43,1.75,2.26,1.83,632.0,1397.89,1812.5,1730.0,192.51,32032.7,17498.01,9648.17,2497.61,107.45,2.51,10.87,12.13,7,2024,2.0470467179069733,0.8510602602781763
2024-08-01,-0.03,117.56373693272468,2.12,15797.777777777777,-0.03,0.2,0.23,-1.24,78.12,78.875,102.2127,5.33,2467.25,844.7614,140.98,121.67446027762526,896.09,137.55,105.31,4.73,5.67,218.84,260.26,469.63,1079.02,0.43,1.65,2.06,1.79,590.0,1474.35,1840.0,1739.14,177.43,31860.47,16334.88,9385.31,2349.13,106.85,2.08,10.35,12.49,8,2024,2.034140715782574,0.8208049422000964
2024-09-01,-0.12,117.42266044840541,1.84,15793.5,-0.12,0.16,-0.04,-1.34,72.42,72.6385,101.0185,5.13,2572.87,901.5125,130.36,124.58967284066782,932.63,145.76,106.21,4.73,5.76,205.77,250.85,400.13,1031.38,0.41,1.74,2.39,1.76,589.0,1618.64,1687.5,1733.37,170.32,31491.65,16292.12,8971.96,2343.67,99.91,1.99,12.37,13.32,9,2024,1.7174813309125188,0.6998199762694551
2024-10-01,0.08,117.51659857676412,1.71,15887.1125,0.08,0.22,-0.25,-0.11,73.97,75.377,103.3113,4.83,2688.9043,999.5326,130.69,126.87890314572016,982.83,139.2,106.07,5.33,6.12,219.21,269.69,391.31,1043.81,0.45,1.91,2.65,1.82,580.0,1735.75,1525.0,1684.97,184.97,31471.69,16076.74,9237.48,2449.92,92.83,2.25,11.78,12.97,10,2024,1.6227936499170912,0.7803798322504629
2024-11-01,0.3,117.86914837249441,1.55,15792.333333333334,0.3,0.17,0.12,1.07,72.29,73.407,105.8435,4.64,2649.815,1113.5875,128.9,127.68853287482969,1077.25,146.63,106.81,4.89,6.1,233.34,272.85,442.1,1094.89,0.46,2.01,2.63,1.84,515.0,1728.38,1575.0,1638.57,190.34,32012.43,16765.8,9533.99,2595.58,101.39,2.21,12.92,12.54,11,2024,1.5413063167594843,1.0827209717472066
2024-12-01,0.44,118.38777262533338,1.57,15830.8,0.44,0.17,0.03,2.04,72.31,73.1286,107.19,4.48,2643.581,1093.7143,142.37,127.30340926953562,1168.59,142.12,106.82,4.98,6.72,229.02,253.75,435.64,1145.17,0.45,1.93,2.29,1.8,511.0,1878.67,1700.0,1600.6,201.33,29654.89,15723.06,9075.73,2582.19,100.5,2.1,13.93,12.82,12,2024,1.5680959380004984,1.5274849440228944
2025-01-01,-0.76,117.48802555338084,0.76,16450.0,-0.76,0.3,-7.38,2.95,78.16,78.2633,108.609,4.33,2722.9476,958.6667,113.23,124.61991895862779,1189.73,129.81,105.47,5.22,7.57,230.28,252.17,409.27,1063.63,0.44,1.99,2.38,1.76,527.0,1973.24,1700.0,1597.92,202.6,28864.99,15444.89,8916.32,2541.02,102.21,3.02,13.86,12.64,1,2025,0.7558760584483093,0.0
2025-02-01,-0.48,116.9240830307246,-0.09,16408.75,-0.48,0.25,-2.65,-0.93,73.82,74.9405,107.3532,4.33,2897.1158,1004.7105,136.98,126.60133970532581,1070.31,118.6,103.28,5.41,7.81,230.58,254.09,410.83,1047.62,0.4,1.93,2.37,1.72,478.0,1978.4,1687.5,1580.81,214.44,29612.36,15394.14,8991.41,2573.4,99.58,4.1,14.66,13.19,2,2025,-0.09739179698340775,-0.4800000000000049
2025-03-01,1.65,118.85333040073155,1.03,16434.45,1.65,0.24,6.53,1.96,70.7,71.4671,104.1871,4.33,2986.4095,998.1667,175.31,127.2349727990185,1067.27,106.93,100.41,5.81,9.05,243.51,264.61,412.15,1068.51,0.42,2.01,2.41,1.72,437.0,1990.0,1650.0,1592.38,220.88,31832.96,15288.09,9330.6,2657.6,105.08,4.22,15.34,12.78,3,2025,1.0256677659832343,1.162079999999988
2025-04-01,1.17,120.24391436642011,1.95,16440.222222222223,1.17,0.31,5.21,-0.04,65.91,66.4567,100.7176,4.33,3211.1524,943.0357,140.97,128.16482570414158,1067.6,103.97,97.99,5.69,8.92,227.54,255.37,401.11,1011.43,0.42,1.98,2.36,1.71,425.0,2356.0,1550.0,1644.69,207.41,34047.87,16065.69,9739.68,2658.29,100.1,4.13,13.24,12.55,4,2025,1.9527861135613438,2.3456763359999915
2025-05-01,-0.37,119.79901188326436,1.6,16430.625,-0.37,0.08,-0.02,-2.48,62.75,63.9705,100.0832,4.33,3280.7381,899.2976,166.05,127.08118262625038,994.37,98.61,95.56,5.43,8.64,219.58,249.58,407.6,1119.53,0.4,1.71,2.13,1.73,415.0,2483.0,1375.0,1681.15,215.0,32565.05,15113.29,9176.8,2371.6,97.24,3.4,11.59,12.68,5,2025,1.6060426177264817,1.9669973335567885
2025-06-01,0.19,120.02663000584256,1.87,16396.125,0.19,0.07,0.09,0.77,69.15,69.35,98.361,4.33,3350.94,930.1625,221.13,128.08684080712544,907.58,104.41,94.33,5.24,8.77,221.27,237.0,414.11,1163.05,0.39,1.7,2.19,1.72,431.0,2766.8,1312.5,1663.54,203.87,31981.17,15345.79,9532.98,2448.79,96.97,3.12,11.66,12.32,6,2025,1.8805985775622207,2.16073462849055
2025-07-01,0.3,120.38670989586008,2.37,16391.055555555555,0.3,0.13,0.09,1.25,69.19,69.553,98.0027,4.33,3341.8087,980.4205,134.22,129.77287863456783,935.39,109.03,93.78,4.33,8.01,217.31,240.05,415.66,1177.97,0.37,1.61,2.16,1.73,419.0,2698.75,1300.0,1688.19,196.07,32544.03,15003.11,9835.07,2525.96,92.33,3.02,12.37,12.17,7,2025,2.3705072864104446,2.467216832376012
2025-08-01,-0.08,120.29040052794339,2.31,16449.125,-0.08,0.06,-0.08,-0.61,66.72,67.2614,98.24,4.33,3372.7428,1030.1429,138.99,130.01862542866016,976.38,112.9,93.64,3.69,7.18,210.59,234.96,410.13,1306.6,0.37,1.68,2.23,1.74,392.0,2841.0,1250.0,1722.4,191.99,33610.26,15034.02,9770.58,2606.37,97.26,3.19,11.62,11.91,8,2025,2.3193066725830866,2.385243058910111
2025-09-01,0.21,120.54301036905207,2.65,16471.5625,0.21,0.18,0.06,0.52,66.46,67.5486,97.6857,4.22,3682.3,1056.6786,125.87,128.56884888832758,1026.12,112.15,93.29,4.39,8.08,200.35,231.14,407.0,1244.55,0.37,1.71,2.15,1.73,375.0,2742.2,1250.0,1743.02,185.49,33833.76,14949.25,9669.56,2597.34,99.74,2.91,11.15,11.79,9,2025,2.657366055862546,2.6002520693338202
2025-10-01,0.28,120.8805307980854,2.86,16448.5,0.28,0.39,0.1,0.03,63.04,63.9539,98.7652,4.09,4044.3739,1061.3696,154.51,126.42285287881042,1036.74,106.32,92.27,4.66,8.83,206.96,233.76,403.96,1159.27,0.35,1.74,2.11,1.72,374.0,2596.75,1235.0,1768.92,197.38,34483.91,15105.64,9983.79,2653.32,103.28,2.97,11.12,11.47,10,2025,2.86251666748497,2.8875327751279443
2025-11-01,0.17,121.08602770044214,2.72,16456.666666666668,0.17,0.17,0.24,0.02,62.34,63.6795,99.7474,3.88,4082.1158,992.2895,104.35,125.22170373709486,1038.09,107.5,91.58,4.74,8.9,209.33,230.78,403.75,1132.15,0.34,1.71,2.0,1.68,356.0,2547.2,1200.0,1768.92,198.13,36011.92,15092.12,10739.91,2793.09,103.53,3.2,10.89,11.1,11,2025,2.729195359740478,3.0624415808456593
2025-12-01,0.64,121.86097827772497,2.92,16443.6875,0.64,0.2,0.37,2.74,60.88,61.6286,98.5427,3.72,4311.0591,992.125,130.96,124.50540930254125,983.4,112.6,91.55,4.74,9.05,225.19,245.85,445.83,1128.37,0.32,1.71,2.03,1.66,368.0,2439.5,1200.0,1794.06,202.02,36963.22,14670.77,10812.03,2819.06,102.48,3.79,10.42,11.15,12,2025,2.933753693790135,3.7220412069630657
2026-01-01,-0.15,121.67818681030839,3.55,16800.109468005954,-0.15,0.37,-0.32,-1.96,63.65,64.7655,98.209,3.64,4730.86,1002.925,168.63,124.09768772302603,980.12,107.67,90.88,4.2,8.4,223.17,242.8,440.0,1115.67,0.32,1.74,2.06,1.63,424.0,2323.0,1200.0,1825.24,205.7,41219.52,14883.99,11785.25,2875.53,104.59,4.25,9.48,11.32,1,2026,3.566458145152629,0.0
2026-02-01,0.68,122.50559848061847,4.76,16810.73017578125,0.68,0.42,-0.03,2.5,68.01,69.4068,97.4553,3.64,5011.0368,1052.8684,120.75,125.47433661312725,1004.66,109.78,90.56,4.24,8.02,217.65,249.9,424.5,1153.54,0.32,1.84,2.14,1.64,408.0,2197.02,1206.25,1820.21,204.49,49538.44,17768.5,13012.0,3141.89,105.53,7.58,11.76,11.49,2,2026,4.773623453114611,0.6799999999999896
2026-03-01,0.41,123.007871434389,3.48,16902.349964488636,0.41,0.31,1.58,0.13,95.58,99.5995,99.4823,3.64,4856.3909,1120.9773,329.65,128.57732565206976,1039.47,118.37,91.21,3.96,7.08,232.35,257.55,459.38,1281.96,0.31,1.93,2.26,1.63,409.0,2259.13,1237.5,1840.32,209.59,48694.34,17173.1,12951.35,3065.19,98.84,3.61,11.24,11.32,3,2026,3.4955192417829637,1.0927879999999839
2026-04-01,0.13,123.16778166725372,2.42,17110.6181640625,0.13,0.23,0.69,-0.88,98.06000046502976,102.4643,98.7252,3.64,4721.6333,1162.2262,250.81,130.67278708537168,1108.61,138.6,93.84,3.9,7.37,247.4,276.0,472.5,1493.09,0.33,1.95,2.39,1.7,381.0,2349.0,1250.0,1836.55,212.69,47323.68,17076.29,12528.71,3372.95,104.45,3.06,17.91,11.42,4,2026,2.4316135383980306,1.2242086243999937
2026-05-01,0.28,123.51265145592203,3.08,17547.14285714286,0.13,0.23,0.69,-0.88,98.5134994506836,104.092,98.7165,3.63,4589.6899,1151.425,184.18,130.67278708537168,1146.2,130.92,94.78,3.63,7.3,246.48,282.0,462.5,1643.42,0.32,2.06,2.51,1.9,403.0,2331.5,1250.0,1946.18,214.0,48805.89,17961.6,12950.96,3599.85,106.05,2.77,15.41,15.65,5,2026,3.0998916554306373,1.5076364085483094
2026-06-01,0.44,124.05610712232807,3.34,17897.968217329544,0.13,0.23,0.69,-0.88,69.5,72.919998,101.190002,3.63,4022.899902,1151.425,184.18,130.67278708537168,1146.2,130.92,94.78,3.63,7.3,246.48,282.0,462.5,1643.42,0.32,2.06,2.51,1.9,403.0,2331.5,1250.0,1946.18,214.0,48805.89,17961.6,12950.96,3599.85,106.05,2.77,15.41,15.65,6,2026,3.3571525887958074,1.9542700087459133
